Date,Accident_Index_x,Location_Easting_OSGR,Location_Northing_OSGR,Longitude,Latitude,Police_Force,Accident_Severity,Number_of_Vehicles,Number_of_Casualties,Day_of_Week,Time,Local_Authority_(District),Local_Authority_(Highway),1st_Road_Class,1st_Road_Number,Road_Type,Speed_limit,Junction_Detail,Junction_Control,2nd_Road_Class,2nd_Road_Number,Pedestrian_Crossing-Human_Control,Pedestrian_Crossing-Physical_Facilities,Light_Conditions,Weather_Conditions,Road_Surface_Conditions,Special_Conditions_at_Site,Carriageway_Hazards,Urban_or_Rural_Area,Did_Police_Officer_Attend_Scene_of_Accident,LSOA_of_Accident_Location,Accident_Index_y,Vehicle_Reference,Casualty_Reference,Casualty_Class,Sex_of_Casualty,Age_of_Casualty,Age_Band_of_Casualty,Casualty_Severity,Pedestrian_Location,Pedestrian_Movement,Car_Passenger,Bus_or_Coach_Passenger,Pedestrian_Road_Maintenance_Worker,Casualty_Type,Casualty_Home_Area_Type,city
2015-01-06,2015521501191,354550.0,177199.0,-2.656039,51.491899,52,3,2,1,3,15:20,601,E06000023,4,4057,6,30,6,4,6,0,0,8,1,1,1,0,0,1,1,E01014642,2012400CA0285,2,1,1,1,26,6,3,0,0,0,0,0,9,1,Bristol
2015-01-06,2015460251945,573831.0,164856.0,0.495173,51.356183,46,3,2,1,3,18:00,544,E06000035,1,2,3,70,0,-1,-1,0,0,0,4,1,1,0,0,2,1,E01016127,201232N146812,1,1,3,1,18,4,3,5,3,0,0,0,0,1,
2015-01-07,2015100005315,433606.0,568426.0,-1.476073,55.009265,10,3,1,1,4,09:45,148,E08000022,5,213,6,30,3,4,6,2076,0,0,1,1,1,0,0,1,2,E01008481,2012050435812,1,1,3,1,23,5,3,1,1,0,0,0,0,-1,North Tyneside
2015-01-07,201501GD10015,532720.0,182600.0,-0.088209,51.526724,1,3,1,1,4,19:05,3,E09000019,3,501,6,30,3,2,3,501,0,5,4,2,2,0,0,1,1,E01002701,201201CW11657,2,1,1,1,66,10,3,0,0,0,0,0,1,-1,London
2015-01-07,201543N040015,491653.0,181177.0,-0.680361,51.522084,43,3,3,1,4,18:30,477,E10000002,3,4,3,40,3,2,6,979,0,0,4,1,2,1,0,1,1,E01017833,201222E204577,1,1,3,2,15,3,3,5,4,0,0,0,0,1,
2015-01-07,201501YR90311,532650.0,191640.0,-0.085809,51.607977,1,3,2,1,4,20:42,31,E09000014,3,10,3,30,3,4,6,0,0,0,4,1,2,0,0,1,1,E01002091,201201TX20330,1,1,1,2,33,6,3,0,0,0,0,0,9,1,London
2015-01-07,2015331500040,486625.0,293295.0,-0.724461,52.530646,33,3,3,1,4,14:25,368,E06000017,3,6003,6,60,3,4,5,7401,0,0,1,2,2,0,0,2,1,E01013794,2012160B05161,1,1,1,1,30,6,2,0,0,0,0,0,9,2,
2015-01-07,201543N032015,482152.0,202352.0,-0.812311,51.713893,43,3,2,1,4,08:18,480,E10000002,6,1810,7,60,0,-1,-1,0,0,0,1,1,4,0,0,2,1,E01017888,201222E204336,1,1,1,1,54,8,2,0,0,0,0,0,1,2,
2015-01-07,2015100002915,436268.0,570083.0,-1.434243,55.023968,10,3,2,1,4,16:15,148,E08000022,3,193,6,30,6,4,6,2116,0,0,5,1,1,0,0,1,1,E01008563,2012050141112,1,1,1,1,21,5,3,0,0,0,0,0,9,1,North Tyneside
2015-01-07,201514A002515,464879.0,413489.0,-1.02077,53.613942,14,3,2,2,4,09:02,211,E08000017,6,0,6,30,0,-1,-1,0,0,0,1,1,4,0,0,2,1,E01007625,2012070096657,1,1,1,1,45,7,2,0,0,0,0,0,9,1,Doncaster
2015-01-07,201501WW50050,522550.0,174670.0,-0.237485,51.457752,1,3,1,1,4,16:30,10,E09000032,5,0,6,30,2,4,6,0,0,0,4,1,2,0,0,1,1,E01004638,201201SX20695,1,4,2,1,18,4,3,0,0,1,0,0,9,-1,London
2015-01-07,201543N031015,487596.0,194497.0,-0.735502,51.642462,43,3,3,1,4,16:44,480,E10000002,3,404,6,30,3,4,6,3061,0,0,4,1,2,0,0,1,1,E01017922,201222E204229,1,1,1,1,63,9,3,0,0,0,0,0,9,1,
2015-01-07,201501HT20031,537760.0,180570.0,-0.016396,51.507276,1,3,3,1,4,09:30,5,E09000030,3,1261,3,40,3,2,6,0,0,5,1,2,2,0,0,1,1,E01004277,201201EK40685,2,1,1,2,22,5,3,0,0,0,0,0,1,1,London
2015-01-07,2015460251901,636590.0,151800.0,1.386408,51.216351,46,3,1,1,4,08:40,533,E10000016,6,3314,6,30,3,4,6,0,0,0,1,8,4,0,0,1,1,E01024221,201232N140712,2,2,1,1,50,8,3,0,0,0,0,0,9,3,
2015-01-07,2015331500041,484671.0,310311.0,-0.748908,52.683886,33,3,1,1,4,06:08,368,E06000017,3,606,6,40,1,4,3,606,0,8,6,8,4,0,0,2,1,E01013801,2012160B05161,2,2,1,2,46,8,2,0,0,0,0,0,9,3,
2015-01-07,201501HT20065,533980.0,181170.0,-0.0706,51.513576,1,3,2,1,4,12:04,5,E09000030,3,1202,2,30,0,-1,-1,0,0,0,1,1,1,0,0,1,2,E01032767,201201EK40705,1,1,1,1,43,7,3,0,0,0,0,0,9,-1,London
2015-01-07,201506K095967,374850.0,405060.0,-2.380982,53.541575,6,3,1,1,4,12:55,100,E08000001,3,666,6,30,0,-1,-1,0,0,0,1,1,1,0,0,1,1,E01004907,201204CA12021,2,1,1,1,38,7,3,0,0,0,0,0,5,2,Bolton
2015-01-07,2015360087102,622396.0,304253.0,1.281851,52.59055,36,3,2,1,4,08:56,406,E10000020,3,47,3,70,0,-1,-1,0,0,0,1,8,4,0,0,2,1,E01026937,201220K006762,2,1,1,2,26,6,3,0,0,0,0,0,9,1,South Norfolk
2015-01-07,201506K095956,371280.0,409200.0,-2.435233,53.578602,6,3,1,1,4,16:53,100,E08000001,6,0,6,30,3,4,4,6203,0,0,4,1,1,0,0,1,2,E01033217,201204CA12020,1,1,1,1,21,5,3,0,0,0,0,0,9,1,Bolton
2015-01-07,201501XH30028,508180.0,191830.0,-0.438962,51.614913,1,3,2,1,4,12:22,26,E09000017,3,4180,6,30,3,2,3,404,0,0,1,1,1,0,0,1,1,E01002475,201201TB00504,1,1,3,2,29,6,2,5,3,0,0,2,0,1,London
2015-01-07,2015450021603,508363.0,159103.0,-0.446343,51.320721,45,3,2,1,4,14:15,511,E10000030,1,25,3,70,0,-1,-1,0,0,0,1,1,1,0,0,2,2,E01030458,201231C270512,2,2,2,2,24,5,3,0,0,2,0,0,9,1,Elmbridge
2015-01-07,201506N096133,380210.0,409550.0,-2.300387,53.582163,6,3,2,1,4,15:53,101,E08000002,5,0,6,30,3,4,6,0,0,0,4,2,2,0,0,1,1,E01005025,201204CL12001,2,1,2,2,62,9,3,0,0,1,0,0,9,1,Bury
2015-01-07,2015450021599,516877.0,147522.0,-0.328,51.214948,45,3,2,2,4,09:57,512,E10000030,3,24,1,50,1,4,5,251,0,0,1,1,2,0,0,1,1,E01030547,201231C270512,2,1,1,1,38,7,3,0,0,0,0,0,9,1,Mole Valley
2015-01-07,2015160A00331,525703.0,409413.0,-0.103421,53.566278,16,3,2,1,4,07:15,233,E06000012,3,1136,1,30,1,4,6,0,0,0,4,1,2,0,0,1,2,E01013231,2012100022612,1,1,3,2,27,6,3,4,3,0,0,0,0,2,
2015-01-07,2015350035515,516900.0,300180.0,-0.275934,52.586865,35,2,1,1,4,09:10,394,E06000031,5,299,6,40,0,-1,-1,0,0,0,1,1,1,0,0,1,1,E01015691,201220G004832,2,1,1,1,30,6,3,0,0,0,0,0,9,1,Peterborough
2015-01-07,2015100009315,420012.0,567144.0,-1.688712,54.998474,10,3,2,2,4,11:20,147,E08000021,4,6324,6,30,3,4,6,1279,0,4,1,1,1,0,0,1,2,E01008445,2012050528112,2,1,1,1,29,6,3,0,0,0,0,0,9,1,Newcastle upon Tyne
2015-01-07,2015350035615,546380.0,259890.0,0.141303,52.217779,35,3,2,1,4,08:00,390,E10000003,5,279,6,30,3,4,6,0,0,0,1,1,2,0,0,1,2,E01032802,201220G004832,3,2,1,2,40,7,3,0,0,0,0,0,9,1,Cambridge
2015-01-07,2015521500777,363196.0,174368.0,-2.531215,51.467076,52,3,1,1,4,15:15,601,E06000023,6,0,6,30,2,4,6,0,0,0,1,1,1,0,0,1,1,E01014626,2012400CA0141,2,2,2,2,26,6,3,0,0,2,0,0,9,1,Bristol
2015-01-07,201501JI40045,546090.0,189070.0,0.107073,51.581562,1,3,2,1,4,17:10,14,E09000026,3,12,3,50,0,-1,-1,0,0,0,4,1,1,0,0,1,2,E01003640,201201GD10301,1,2,2,2,29,6,3,0,0,1,0,0,9,1,London
2015-01-07,201501WW50069,522210.0,173890.0,-0.242645,51.450815,1,3,2,1,4,17:50,10,E09000032,3,306,6,30,3,4,6,0,0,0,4,2,2,0,0,1,1,E01004569,201201SX20717,3,2,1,1,35,6,3,0,0,0,0,0,9,1,London
2015-01-07,201501VW40009,524470.0,166770.0,-0.212636,51.386335,1,3,3,1,4,12:00,22,E09000024,4,279,6,30,3,4,6,0,0,0,1,1,1,0,0,1,2,E01003417,201201SX20200,1,1,1,1,32,6,3,0,0,0,0,0,3,1,London
2015-01-07,201501XD80020,512300.0,179070.0,-0.383553,51.499423,1,3,2,1,4,18:00,27,E09000009,5,0,6,20,6,4,5,0,0,0,4,1,1,0,0,1,1,E01001367,201201TA00555,1,1,1,1,38,7,2,0,0,0,0,0,5,-1,London
2015-01-07,2015360087159,577192.0,310917.0,0.61892,52.667,36,3,4,1,4,09:00,400,E10000020,3,47,6,60,0,-1,-1,0,0,0,1,1,1,0,0,2,1,E01026445,201220K006892,2,2,2,2,21,5,3,0,0,1,0,0,9,1,Breckland
2015-01-07,201520K001365,399730.0,286360.0,-2.005403,52.47517,20,3,2,1,4,15:23,305,E08000028,3,4123,3,40,6,2,6,0,0,0,1,4,1,0,0,1,1,E01010025,201211SC27082,2,1,1,2,43,7,3,0,0,0,0,0,9,2,Sandwell
2015-01-07,2015100008115,425283.0,564638.0,-1.60654,54.975717,10,3,2,1,4,17:20,147,E08000021,2,167,7,60,5,4,2,167,0,0,4,5,2,0,0,1,2,E01008397,2012050509212,2,2,2,1,43,7,3,0,0,0,0,0,19,1,Newcastle upon Tyne
2015-01-07,201501KD50014,550750.0,189460.0,0.174445,51.58384,1,3,2,1,4,11:50,15,E09000016,3,125,6,30,8,4,6,0,0,0,1,1,1,0,0,1,2,E01002243,201201HT20134,1,1,3,1,11,3,3,1,1,0,0,2,0,-1,London
2015-01-07,20151321S1140,424482.0,421159.0,-1.63078,53.686316,13,3,2,1,4,12:55,203,E08000034,4,6409,6,30,0,-1,-1,0,0,0,1,1,1,0,0,1,2,E01011257,201206G062385,2,1,1,1,17,4,3,0,0,0,0,0,3,1,Kirklees
2015-01-07,2015555997568,409507.0,91908.0,-1.866672,50.726717,55,3,2,1,4,06:51,640,E06000028,3,338,1,40,1,4,3,35,0,0,4,1,2,0,0,1,1,E01015287,201242I036301,2,1,1,2,48,8,3,0,0,0,0,0,9,1,
2015-01-07,2015160A00081,522615.0,408656.0,-0.150318,53.560207,16,2,1,1,4,19:30,233,E06000012,6,0,6,60,0,-1,-1,0,0,0,6,5,2,0,0,2,1,E01013226,2012100018112,1,1,2,2,75,10,3,0,0,1,0,0,9,1,
2015-01-07,201523N035031,447604.0,275536.0,-1.302145,52.375804,23,3,2,1,4,16:54,292,E10000031,3,428,6,40,6,4,6,0,0,0,1,1,2,0,0,2,1,E01031164,2012130440103,2,1,1,2,45,7,3,0,0,0,0,0,3,1,
2015-01-07,201563AC01415,232550.0,230690.0,-4.437934,51.949429,63,3,2,1,4,18:07,751,W06000010,6,0,6,60,0,-1,-1,0,0,0,6,5,2,0,0,2,1,W01000648,201243N030052,1,1,2,1,27,6,1,0,0,2,0,0,8,-1,
2015-01-07,2015555997572,411234.0,92575.0,-1.842185,50.732684,55,3,2,1,4,08:50,640,E06000028,6,0,6,20,0,-1,-1,0,0,0,1,1,1,0,0,1,1,E01015314,201242I036402,1,1,1,1,29,6,3,0,0,0,0,0,9,1,
2015-01-07,201504WB15001,346320.0,463190.0,-2.821615,54.061845,4,3,2,1,4,11:24,76,E10000017,4,5321,6,30,0,-1,-1,0,0,0,1,1,2,0,0,1,1,E01025155,201201YR90675,1,1,3,2,53,8,3,5,1,0,0,2,0,1,Lancaster
2015-01-07,2015320001210,497658.0,372985.0,-0.537977,53.244913,32,3,1,1,4,16:00,352,E10000019,4,1226,1,30,1,4,4,1273,0,0,1,1,1,0,0,1,2,E01026151,201214K198612,1,2,2,1,23,5,3,0,0,2,0,0,9,1,Lincoln
2015-01-07,201504WB15002,347670.0,463840.0,-2.801105,54.067825,4,3,2,1,4,08:05,76,E10000017,3,6,6,30,3,4,6,0,0,0,4,2,2,0,0,1,1,E01025159,201201YR90676,1,2,2,1,8,2,3,0,0,2,0,0,9,-1,Lancaster
2015-01-07,2015320001061,506699.0,306821.0,-0.4243,52.648639,32,3,2,2,4,08:25,355,E10000019,5,446,6,60,0,-1,-1,0,0,0,1,1,4,0,0,2,1,E01026363,201214K198212,3,2,1,1,51,8,3,0,0,0,0,0,9,-1,South Kesteven
2015-01-07,201504WB15006,347370.0,462260.0,-2.805413,54.053596,4,3,2,1,4,06:45,76,E10000017,6,0,6,30,9,2,6,0,0,0,4,1,1,0,0,1,1,E01025099,201201YR90677,1,2,2,1,33,6,3,0,0,1,0,0,9,-1,Lancaster
2015-01-07,201522E500186,350530.0,258310.0,-2.725576,52.220765,22,3,1,1,4,17:30,285,E06000019,3,49,9,60,1,4,3,44,0,0,4,1,1,0,0,2,1,E01014045,2012130324068,1,1,1,1,42,7,3,0,0,0,0,0,9,-1,
2015-01-07,2015300011563,436540.0,344150.0,-1.457069,52.993439,30,3,1,1,4,21:15,320,E10000007,5,161,6,40,0,-1,-1,0,0,0,4,2,2,0,0,2,2,E01019447,2012130491341,1,3,3,2,27,6,3,9,5,0,0,0,0,1,Amber Valley
2015-01-07,201514K004615,433592.0,397191.0,-1.495415,53.470389,14,2,1,2,4,15:37,215,E08000019,6,0,6,30,3,4,6,0,0,0,1,1,2,0,0,1,1,E01007892,2012070288687,1,1,1,2,36,7,3,0,0,0,0,0,9,1,Sheffield
2015-01-07,2015621500143,281200.0,181520.0,-3.713653,51.520066,62,3,2,1,4,08:49,743,W06000012,1,4,3,70,0,-1,-1,0,0,0,1,1,1,0,0,1,1,W01001000,201242I262108,1,1,2,2,19,4,3,0,0,1,0,0,9,-1,
2015-01-07,2015471500154,586155.0,124172.0,0.650924,50.986848,47,3,2,1,4,17:40,555,E10000011,3,268,1,30,1,4,6,0,0,0,6,1,2,0,0,2,2,E01021114,201234WD30492,2,2,2,2,79,11,2,0,0,1,0,0,9,1,Rother
2015-01-07,201501PL60028,534680.0,172830.0,-0.063695,51.438464,1,3,2,1,4,18:30,7,E09000023,5,0,6,30,3,4,5,0,0,0,4,2,2,0,0,1,1,E01003257,201201KG70129,1,1,1,2,44,7,3,0,0,0,0,0,1,-1,London
2015-01-07,201511SJ00395,428973.0,514865.0,-1.553835,54.528244,11,3,2,2,4,16:24,161,E06000005,3,68,1,30,1,4,3,167,0,0,4,1,2,0,0,1,1,E01012354,201205FF01660,2,1,1,2,29,6,3,0,0,0,0,0,9,1,
2015-01-07,201504EF15039,382240.0,433590.0,-2.271112,53.798308,4,3,1,1,4,17:30,72,E10000017,6,0,6,30,9,4,6,0,0,0,4,1,2,0,0,1,1,E01024880,201201XH30211,2,2,1,2,42,7,3,0,0,0,0,0,9,1,Burnley
2015-01-07,2015521500131,356516.0,168088.0,-2.6266,51.410137,52,3,1,1,4,10:45,601,E06000023,6,0,6,30,0,-1,-1,0,0,0,1,9,2,0,0,1,2,E01014515,2012400BA0901,1,1,2,1,6,2,3,0,0,2,0,0,9,1,Bristol
2015-01-07,201534WN00275,472278.0,261864.0,-0.942684,52.250216,34,2,2,1,4,05:35,384,E10000021,6,8065,6,30,3,4,6,8171,0,0,4,1,1,0,0,1,1,E01027213,2012170M11952,1,1,1,2,64,9,3,0,0,0,0,0,9,1,
2015-01-07,201534WN00355,474236.0,264106.0,-0.913516,52.270108,34,3,2,1,4,19:00,384,E10000021,3,5199,6,30,0,-1,-1,0,0,0,7,2,2,0,0,1,3,E01027143,2012170M11952,1,3,2,2,4,1,3,0,0,1,0,0,9,-1,
2015-01-07,201550JS3N001,287801.0,64887.0,-3.582474,50.473035,50,3,2,2,4,07:12,587,E06000027,3,380,1,60,1,4,6,0,0,0,4,1,4,0,0,2,1,E01015207,2012370337112,1,1,1,1,44,7,3,0,0,0,0,0,5,2,
2015-01-07,2015450020959,489132.0,161569.0,-0.721616,51.346224,45,2,2,1,4,17:11,515,E10000030,3,30,6,50,3,4,6,0,2,4,4,1,1,0,0,1,1,E01030797,201231C236812,2,1,1,2,44,7,3,0,0,0,0,0,9,1,Surrey Heath
2015-01-07,2015450020958,523118.0,157715.0,-0.235185,51.305248,45,3,2,1,4,19:10,513,E10000030,6,1040,6,30,3,4,6,0,0,0,4,4,2,0,0,1,2,E01030640,201231C236712,2,1,1,1,14,3,3,0,0,0,0,0,1,1,Reigate and Banstead
2015-01-07,2015360086970,651632.0,311562.0,1.718098,52.643385,36,3,3,1,4,09:27,402,E10000020,3,149,3,70,0,-1,-1,0,0,0,1,1,2,0,0,2,1,E01026593,201220K006502,2,1,1,1,35,6,3,0,0,0,0,0,8,1,
2015-01-07,201523S010016,438012.0,256405.0,-1.44519,52.204567,23,3,1,1,4,09:18,293,E10000031,4,4451,6,60,0,-1,-1,0,0,0,1,1,2,0,0,2,1,E01031199,2012130454097,1,1,1,1,50,8,3,0,0,0,0,0,9,1,Stratford-on-Avon
2015-01-07,2015450020922,496292.0,156022.0,-0.620339,51.295195,45,2,1,1,4,07:15,518,E10000030,3,322,6,40,3,4,6,0,0,0,7,1,2,7,0,1,1,E01030944,201231C235812,2,2,2,2,21,5,3,0,0,0,0,0,10,1,
2015-01-07,201501PL60027,540930.0,172570.0,0.026063,51.434608,1,3,4,1,4,15:55,7,E09000023,5,0,6,30,3,4,6,0,0,0,1,1,1,0,0,1,1,E01003264,201201KG70128,1,2,2,1,30,6,2,0,0,1,0,0,9,1,London
2015-01-07,2015450020915,502334.0,160208.0,-0.532513,51.331769,45,3,2,1,4,08:00,518,E10000030,6,3668,6,30,0,-1,-1,0,0,4,1,1,1,0,0,1,1,E01030984,201231C235612,2,3,2,1,5,1,3,0,0,1,0,0,9,1,
2015-01-07,2015450020914,493934.0,153561.0,-0.654795,51.273466,45,3,2,1,4,17:20,511,E10000030,3,324,6,40,6,4,6,0,0,0,6,1,1,0,0,2,1,E01030473,201231C235612,2,2,1,2,-1,-1,2,0,0,0,0,0,9,1,
2015-01-07,201501QA10021,518470.0,190310.0,-0.290926,51.599183,1,2,1,1,4,08:55,29,E09000015,6,0,6,30,0,-1,-1,0,0,0,1,1,2,0,0,1,1,E01002200,201201MM70245,1,1,1,1,36,7,3,0,0,0,0,0,1,1,London
2015-01-07,2015610002315,329099.0,195466.0,-3.026267,51.653494,61,3,2,1,4,16:50,734,W06000020,3,4051,6,30,3,4,6,0,0,0,1,4,2,0,0,1,1,W01001528,201242I199307,2,1,1,2,44,7,3,0,0,0,0,0,9,1,
2015-01-07,201534WN01365,479961.0,262241.0,-0.830077,52.252544,34,3,2,1,4,08:45,384,E10000021,6,8026,6,30,3,4,6,8404,0,0,1,1,1,0,0,1,1,E01027259,2012170M12072,2,3,2,2,19,4,3,0,0,2,0,0,9,1,
2015-01-07,201504ED15009,374470.0,428700.0,-2.388666,53.754033,4,3,2,1,4,07:55,75,E10000017,3,679,6,30,6,4,6,0,0,0,1,1,2,0,0,1,1,E01025046,201201XD80639,1,1,3,1,21,5,3,5,1,0,0,2,0,-1,Hyndburn
2015-01-07,201504WB15005,348220.0,462280.0,-2.792434,54.053862,4,3,2,1,4,19:45,76,E10000017,6,0,6,20,0,-1,-1,0,0,4,4,2,2,0,0,1,1,E01025091,201201YR90677,1,1,1,1,31,6,3,0,0,0,0,0,9,-1,Lancaster
2015-01-07,201504EF15021,383700.0,432630.0,-2.248895,53.789728,4,3,2,1,4,05:55,72,E10000017,3,671,1,30,1,4,6,0,0,0,4,1,1,0,0,1,1,E01024877,201201XH30195,1,1,1,1,24,5,3,0,0,0,0,0,9,1,Burnley
2015-01-07,201501PL60042,537910.0,174490.0,-0.016607,51.452604,1,3,2,1,4,10:30,7,E09000023,3,21,6,30,3,4,6,0,0,5,1,2,2,0,0,1,1,E01003291,201201KG70134,1,1,3,2,15,3,3,5,1,0,0,2,0,-1,London
2015-01-07,2015320001085,523630.0,349487.0,-0.158018,53.028394,32,2,3,1,4,18:19,350,E10000019,5,761,6,60,0,-1,-1,0,0,0,6,1,2,0,0,2,1,E01026033,201214K198412,1,1,1,1,19,4,3,0,0,0,0,0,9,1,Boston
2015-01-07,2015100006515,434041.0,563731.0,-1.469828,54.967047,10,3,3,2,4,17:04,149,E08000023,3,194,3,40,0,-1,-1,0,0,0,4,1,2,0,0,2,1,E01008602,2012050465912,2,1,1,1,52,8,3,0,0,0,0,0,9,1,South Tyneside
2015-01-07,201501ZD30024,538620.0,161950.0,-0.011289,51.339744,1,3,1,1,4,15:28,20,E09000008,5,0,6,30,3,4,6,0,0,0,1,2,2,0,0,1,1,E01001080,201201VK30169,2,1,1,1,33,6,3,0,0,0,0,0,5,1,London
2015-01-07,201501MM70120,535190.0,176690.0,-0.054888,51.47303,1,3,2,1,4,17:40,8,E09000028,3,202,6,30,3,4,6,0,0,0,4,1,2,0,0,1,1,E01004004,201201KF60117,1,1,3,2,41,7,2,5,1,0,0,2,0,-1,London
2015-01-07,201514A003715,455194.0,406021.0,-1.168466,53.547932,14,2,1,1,4,13:07,211,E08000017,6,0,6,30,0,-1,-1,0,0,0,1,4,2,0,0,1,1,E01007515,2012070097305,3,1,1,2,34,6,3,0,0,0,0,0,9,2,Doncaster
2015-01-07,2015331500043,453720.0,319824.0,-1.205148,52.773342,33,3,1,1,4,09:43,362,E10000018,6,6802,6,20,8,4,6,6,0,1,1,1,1,0,0,1,1,E01025703,2012160B05181,1,1,1,1,42,7,3,0,0,0,0,0,9,3,Charnwood
2015-01-07,2015555998925,421017.0,93505.0,-1.703513,50.740778,55,2,1,1,4,17:50,641,E10000009,3,337,6,30,0,-1,-1,0,0,4,4,1,2,0,0,1,1,E01020350,201242I062403,2,2,2,2,51,8,3,0,0,1,0,0,9,-1,
2015-01-07,2015555998921,402919.0,99948.0,-1.959948,50.799086,55,3,2,1,4,16:30,647,E10000009,4,3073,6,40,0,-1,-1,0,0,0,4,1,2,0,0,1,1,E01020427,201242I062403,2,1,1,2,29,6,3,0,0,0,0,0,9,1,
2015-01-07,2015555998917,392597.0,87453.0,-2.106157,50.686681,55,3,2,1,4,12:43,644,E10000009,5,146,6,30,0,-1,-1,0,0,0,1,4,1,0,0,2,1,E01020485,201242I062303,1,1,1,1,30,6,2,0,0,0,0,0,1,-1,
2015-01-07,2015555998913,366945.0,80245.0,-2.468624,50.620967,55,3,2,1,4,10:10,646,E10000009,3,354,6,50,1,4,3,354,0,4,1,1,1,0,0,2,1,E01020574,201242I062203,2,2,2,2,32,6,3,0,0,1,0,0,9,1,
2015-01-07,2015555998909,396342.0,112894.0,-2.053406,50.915497,55,3,1,2,4,07:00,647,E10000009,3,354,6,60,0,-1,-1,0,0,0,6,1,4,0,0,2,1,E01020396,201242I062203,1,1,1,1,81,11,3,0,0,0,0,0,9,2,
2015-01-07,2015120003507,460097.0,452213.0,-1.085508,53.962517,12,3,2,1,4,15:24,189,E06000014,3,1036,6,30,0,-1,-1,0,0,5,1,1,1,0,0,1,1,E01013366,201205FF04835,1,1,2,2,20,4,3,0,0,1,0,0,9,-1,York
2015-01-07,2015120003361,458717.0,451401.0,-1.106695,53.955378,12,3,2,1,4,11:50,189,E06000014,3,59,6,30,9,2,4,1224,0,0,1,1,1,0,0,1,1,E01013391,201205FF04823,1,2,2,1,21,5,3,0,0,2,0,0,9,1,York
2015-01-07,2015120003308,503811.0,488421.0,-0.407027,54.280895,12,3,1,1,4,11:05,186,E10000023,4,1364,2,30,6,4,6,421,0,5,1,2,2,0,0,1,1,E01027804,201205FF04823,1,1,2,1,25,5,2,0,0,1,0,0,9,1,
2015-01-07,2015120003270,506941.0,483919.0,-0.360579,54.239807,12,3,1,1,4,09:00,186,E10000023,6,3355,6,30,0,-1,-1,0,0,0,1,1,1,0,0,2,1,E01027807,201205FF04817,3,2,2,2,51,8,3,0,0,1,0,0,8,1,
2015-01-07,2015120003240,400349.0,452497.0,-1.996168,53.968548,12,3,2,2,4,07:48,180,E10000023,3,65,6,60,3,4,3,6131,0,0,1,1,1,0,0,2,1,E01027576,201205FF04817,3,1,1,1,52,8,3,0,0,0,0,0,8,1,Craven
2015-01-07,2015120003233,454210.0,416516.0,-1.181495,53.642356,12,3,1,1,4,05:30,187,E10000023,6,1105,6,60,0,-1,-1,0,0,0,6,1,4,0,0,2,1,E01027923,201205FF04807,1,1,1,1,35,6,2,0,0,0,0,0,9,1,Selby
2015-01-07,201506L096106,362700.0,397270.0,-2.563387,53.470834,6,2,3,1,4,08:27,114,E08000010,3,572,6,30,3,4,6,0,0,0,1,1,1,0,0,1,1,E01006347,201204CA12212,1,1,1,1,43,7,3,0,0,0,0,0,9,1,
2015-01-07,201501TX20023,510130.0,175030.0,-0.416061,51.463538,1,2,1,2,4,15:30,25,E09000018,5,0,6,30,3,4,6,0,0,0,1,1,1,0,0,1,1,E01002592,201201RG40205,1,1,1,2,46,8,3,0,0,0,0,0,9,1,London
2015-01-07,201543R090015,500738.0,179373.0,-0.549973,51.504323,43,3,2,1,4,16:15,473,E06000039,6,7302,6,30,0,-1,-1,0,0,0,4,1,2,0,0,1,1,E01016502,2012233091812,3,3,1,1,45,7,3,0,0,0,0,0,9,3,
2015-01-07,201520H001205,401440.0,299860.0,-1.980174,52.596532,20,3,1,1,4,08:55,307,E08000030,6,0,6,30,0,-1,-1,0,0,0,1,2,2,0,0,1,1,E01010374,201211NF29592,2,4,2,2,49,8,3,0,0,2,0,0,9,2,
2015-01-07,201501PY20005,536990.0,169360.0,-0.031822,51.406728,1,3,1,1,4,06:45,19,E09000006,3,222,6,30,1,4,3,234,0,1,4,1,2,0,0,1,2,E01000714,201201LX50469,2,1,1,2,38,7,3,0,0,0,0,0,4,1,London
2015-01-07,201506E096009,386070.0,396200.0,-2.211278,53.462358,6,3,2,3,4,15:30,102,E08000003,5,0,6,20,3,4,6,0,0,0,1,9,1,0,0,1,1,E01005063,201204AX12017,1,1,3,1,36,7,3,4,3,0,0,0,0,-1,Manchester
2015-01-07,20154100B0035,522450.0,211190.0,-0.226171,51.785979,41,3,1,1,4,08:02,438,E10000015,4,197,6,40,0,-1,-1,0,0,0,1,1,2,0,0,1,1,E01033313,2012212000272,1,1,1,1,52,8,3,0,0,0,0,0,9,1,Welwyn Hatfield
2015-01-07,201501TX20243,511030.0,173160.0,-0.403697,51.446554,1,3,2,1,4,07:40,25,E09000018,4,3377,6,30,3,4,6,0,0,0,7,1,1,0,0,1,1,E01002612,201201RG40393,2,1,2,2,41,7,3,0,0,1,0,0,9,1,London