Date,Accident_Index_x,Location_Easting_OSGR,Location_Northing_OSGR,Longitude,Latitude,Police_Force,Accident_Severity,Number_of_Vehicles,Number_of_Casualties,Day_of_Week,Time,Local_Authority_(District),Local_Authority_(Highway),1st_Road_Class,1st_Road_Number,Road_Type,Speed_limit,Junction_Detail,Junction_Control,2nd_Road_Class,2nd_Road_Number,Pedestrian_Crossing-Human_Control,Pedestrian_Crossing-Physical_Facilities,Light_Conditions,Weather_Conditions,Road_Surface_Conditions,Special_Conditions_at_Site,Carriageway_Hazards,Urban_or_Rural_Area,Did_Police_Officer_Attend_Scene_of_Accident,LSOA_of_Accident_Location,Accident_Index_y,Vehicle_Reference,Casualty_Reference,Casualty_Class,Sex_of_Casualty,Age_of_Casualty,Age_Band_of_Casualty,Casualty_Severity,Pedestrian_Location,Pedestrian_Movement,Car_Passenger,Bus_or_Coach_Passenger,Pedestrian_Road_Maintenance_Worker,Casualty_Type,Casualty_Home_Area_Type,city
2015-01-07,201543R044015,478938.0,182644.0,-0.863257,51.537189,43,3,2,1,4,12:33,475,E06000041,3,4130,6,60,3,4,6,7506,0,0,1,1,2,0,0,2,1,E01016675,2012233040312,2,2,1,1,32,6,2,0,0,0,0,0,9,2,
2015-01-07,2015471500106,530036.0,136189.0,-0.143791,51.110253,47,3,2,1,4,10:18,560,E10000032,6,0,6,30,3,4,6,0,0,0,1,1,2,0,0,1,1,E01031592,201234WD25372,2,1,1,1,14,3,3,0,0,0,0,0,1,2,
2015-01-07,201542I005401,600796.0,224732.0,0.916236,51.884974,42,3,2,1,4,12:50,455,E10000012,3,134,6,30,3,4,6,0,0,0,1,8,1,0,0,1,1,E01021686,2012212005298,2,1,1,1,46,8,3,0,0,0,0,0,5,1,
2015-01-07,201520S005155,405660.0,281890.0,-1.918173,52.434957,20,2,2,1,4,15:38,300,E08000025,3,441,6,30,8,4,6,0,0,0,1,1,2,0,0,1,1,E01009282,2012120081249,2,1,1,1,32,6,2,0,0,0,0,0,1,1,Birmingham
2015-01-07,20154100K0225,537842.0,209493.0,-0.003834,51.767153,41,2,2,1,4,19:29,430,E10000015,6,484,6,30,0,-1,-1,0,0,0,5,1,2,0,0,1,1,E01023331,2012212003475,2,5,1,2,19,4,3,0,0,0,0,0,9,1,
2015-01-07,201522F500176,347830.0,305860.0,-2.772537,52.647952,22,3,2,1,4,08:20,286,E06000051,3,49,6,60,0,-1,-1,0,0,0,1,1,1,0,0,2,1,E01028950,2012130347566,2,3,2,2,16,4,3,0,0,2,0,0,9,1,
2015-01-07,201522F500174,348590.0,308090.0,-2.761653,52.66807,22,3,2,1,4,07:49,286,E06000051,3,49,6,60,3,4,6,0,0,0,1,1,1,0,0,2,1,E01028936,2012130347566,2,2,1,2,45,7,3,0,0,0,0,0,9,1,
2015-01-07,201514C001315,448063.0,393478.0,-1.277996,53.435899,14,3,2,1,4,21:15,213,E08000018,6,0,6,30,3,4,6,0,0,0,4,1,2,0,0,1,1,E01032926,2012070220834,1,1,1,1,19,4,3,0,0,0,0,0,3,1,Rotherham
2015-01-07,2015471500110,543316.0,104360.0,0.033265,50.821055,47,3,1,1,4,17:37,554,E10000011,3,26,6,60,0,-1,-1,0,0,0,6,1,2,0,0,2,1,E01021057,201234WD25402,2,1,1,2,23,5,3,0,0,0,0,0,9,2,Lewes
2015-01-07,201501RY10011,549470.0,176060.0,0.150305,51.46378,1,3,2,1,4,19:00,18,E09000004,5,0,6,30,0,-1,-1,0,0,0,4,1,1,0,0,1,1,E01000327,201201PY20285,1,1,1,2,64,9,3,0,0,0,0,0,9,1,London
2015-01-07,201542I006601,544038.0,196319.0,0.080455,51.647224,42,3,2,1,4,12:00,456,E10000012,6,0,6,30,1,4,3,1168,0,0,1,1,1,0,0,1,2,E01021776,2012212005311,1,1,3,2,48,8,3,5,1,0,0,2,0,-1,Epping Forest
2015-01-07,201514C001915,450630.0,392391.0,-1.239534,53.425889,14,3,2,1,4,17:45,213,E08000018,6,0,6,30,0,-1,-1,0,0,0,6,1,2,0,0,1,1,E01007685,2012070221090,2,1,1,1,24,5,3,0,0,0,0,0,21,1,Rotherham
2015-01-07,201520W005415,407640.0,288320.0,-1.888904,52.492739,20,3,2,1,4,09:50,300,E08000025,3,38,1,30,1,4,3,4540,0,0,1,2,2,0,0,1,1,E01008914,2012120172060,2,1,1,1,32,6,2,0,0,0,0,0,9,1,Birmingham
2015-01-07,2015460251636,629640.0,167740.0,1.297311,51.362279,46,3,2,2,4,07:30,541,E10000016,6,11,6,60,0,-1,-1,0,0,0,1,1,4,0,0,2,1,E01024701,201232N110612,1,3,2,1,21,5,3,0,0,2,0,0,9,1,Thanet
2015-01-07,201520K003635,399120.0,289950.0,-2.014395,52.507444,20,3,2,1,4,08:41,305,E08000028,3,4034,6,30,3,4,6,0,0,0,1,9,1,0,0,1,1,E01010017,201211SJ05472,2,1,1,1,24,5,3,0,0,0,0,0,1,1,Sandwell
2015-01-07,201501XD80005,518830.0,180460.0,-0.289056,51.510582,1,3,4,3,4,08:54,27,E09000009,3,4020,6,30,3,4,6,0,0,0,1,1,1,0,0,1,1,E01001234,201201TA00544,1,2,3,1,4,1,2,5,4,0,0,2,0,1,London
2015-01-07,201543W030015,465982.0,175298.0,-1.0514,51.472808,43,3,1,1,4,18:53,471,E06000037,6,7155,1,30,2,4,6,7155,0,0,4,2,2,0,0,1,1,E01016318,201230C000408,1,1,1,1,44,7,3,0,0,0,0,0,5,-1,
2015-01-07,201543W031015,436536.0,172605.0,-1.475606,51.451256,43,3,1,2,4,07:14,471,E06000037,1,4,3,70,0,-1,-1,0,0,0,6,1,2,0,0,2,1,E01016303,201230C000411,2,1,1,2,48,8,3,0,0,0,0,0,9,1,
2015-01-07,201501LX50007,529080.0,175200.0,-0.143355,51.461065,1,3,1,1,4,06:15,9,E09000022,6,0,6,30,6,2,3,3,0,5,1,1,1,0,0,1,2,E01003026,201201JI40332,1,1,3,1,47,8,2,9,5,0,0,2,0,1,London
2015-01-07,201520W011585,406950.0,288310.0,-1.899067,52.492658,20,3,2,2,4,21:21,300,E08000025,3,4540,3,30,6,2,6,0,0,5,4,1,2,0,0,1,1,E01008914,2012120177953,2,2,1,2,35,6,2,0,0,0,0,0,9,3,Birmingham
2015-01-07,2015100006715,425471.0,563939.0,-1.603665,54.969426,10,3,2,3,4,16:40,147,E08000021,4,1600,6,30,7,2,6,1063,0,5,4,4,1,0,0,1,2,E01033548,2012050483912,1,2,2,2,28,6,3,0,0,1,0,0,9,1,Newcastle upon Tyne
2015-01-07,201543W034015,477237.0,171235.0,-0.890269,51.43486,43,3,1,2,4,12:00,475,E06000041,3,329,6,40,3,4,6,7514,0,0,1,1,1,0,0,1,2,E01016702,201230C000419,1,1,1,1,38,7,3,0,0,0,0,0,19,1,
2015-01-07,2015215000267,395353.0,305538.0,-2.070119,52.647557,21,3,2,1,4,19:10,254,E10000028,5,137,6,60,8,4,6,0,0,0,6,5,2,0,0,2,1,E01029636,2012130171813,1,1,1,2,29,6,3,0,0,0,0,0,9,1,South Staffordshire
2015-01-07,201520M002715,434130.0,282390.0,-1.499365,52.438422,20,3,2,1,4,17:00,302,E08000026,3,444,3,30,0,-1,-1,0,0,0,4,1,1,0,0,1,1,E01009565,2012120012009,2,1,1,1,21,5,3,0,0,0,0,0,3,1,Coventry
2015-01-07,201534WD00135,453017.0,266465.0,-1.224066,52.293765,34,3,2,2,4,07:50,381,E10000021,3,45,6,60,0,-1,-1,0,0,0,1,1,1,0,0,2,1,E01026999,2012170M10182,1,1,1,1,41,7,3,0,0,0,0,0,9,3,
2015-01-07,201531C001815,454414.0,341485.0,-1.19125,52.967972,31,3,2,1,4,10:04,346,E06000018,4,690,6,30,6,2,3,6514,1,5,1,2,2,0,0,1,1,E01013931,201214C035212,2,1,1,1,44,7,3,0,0,0,0,0,5,1,City of Nottingham
2015-01-07,2015460251686,546880.0,155030.0,0.104365,51.275491,46,3,2,1,4,18:16,538,E10000016,3,25,6,30,3,4,6,0,0,0,4,1,1,0,0,2,1,E01024419,201232N114312,1,1,1,2,30,6,3,0,0,0,0,0,3,1,Sevenoaks
2015-01-07,201543P039015,454927.0,224946.0,-1.202746,51.920337,43,3,3,1,4,18:54,481,E10000025,1,40,3,70,0,-1,-1,0,0,0,6,1,1,0,0,2,1,E01028477,201222G201270,1,1,1,1,44,7,3,0,0,0,0,0,5,1,Cherwell
2015-01-07,2015521500237,358625.0,177758.0,-2.597413,51.497238,52,3,2,1,4,07:33,601,E06000023,4,4056,6,30,6,2,6,0,0,5,4,1,2,0,0,1,1,E01014688,2012400BA0915,2,1,1,2,41,7,3,0,0,0,0,0,9,1,Bristol
2015-01-07,201531C000515,456623.0,338754.0,-1.158839,52.943197,31,3,2,1,4,12:00,346,E06000018,3,453,6,30,3,2,6,0,0,5,1,1,1,0,0,1,2,E01013870,201214C035112,1,2,2,1,35,6,3,0,0,1,0,0,8,1,City of Nottingham
2015-01-07,2015460251702,577360.0,160620.0,0.543696,51.317042,46,3,1,1,4,08:12,536,E10000016,6,362,6,60,0,-1,-1,0,0,0,1,8,4,0,0,2,1,E01024335,201232N115212,3,2,1,1,52,8,3,0,0,0,0,0,21,3,
2015-01-07,2015460251714,618060.0,168280.0,1.131573,51.371687,46,3,2,1,4,12:30,531,E10000016,6,3126,6,30,6,4,6,0,0,0,1,1,1,0,0,1,2,E01024080,201232N115512,2,1,1,1,41,7,3,0,0,0,0,0,9,2,
2015-01-07,2015300011551,429900.0,360300.0,-1.554495,53.139019,30,2,1,1,4,19:30,329,E10000007,6,0,6,30,6,4,6,0,0,0,7,9,2,0,0,1,1,E01019623,2012130491242,2,1,1,1,40,7,2,0,0,0,0,0,1,1,Derbyshire Dales
2015-01-07,2015300011547,444980.0,356200.0,-1.329659,53.10111,30,3,2,3,4,18:50,321,E10000007,4,6019,6,30,3,4,4,6019,0,0,4,1,2,0,0,1,1,E01019517,2012130491227,2,2,2,2,82,11,2,0,0,1,0,0,9,1,Bolsover
2015-01-07,201501EO40043,532670.0,182450.0,-0.088986,51.525388,1,3,2,1,4,19:10,3,E09000019,3,5201,6,20,8,4,6,0,0,0,4,1,2,0,0,1,1,E01002704,201201CW10079,1,1,3,1,46,8,3,1,3,0,0,2,0,1,London
2015-01-07,2015621500100,265770.0,195527.0,-3.941275,51.642477,62,3,1,1,4,12:25,745,W06000011,6,0,6,30,6,4,6,0,0,0,1,1,1,0,0,1,1,W01000789,201242I258608,1,1,1,1,63,9,3,0,0,0,0,0,9,1,Swansea
2015-01-07,201501CW10472,528560.0,179800.0,-0.149163,51.502523,1,3,2,1,4,18:50,1,E09000033,5,0,6,30,0,-1,-1,0,0,4,4,1,1,0,0,1,2,E01004736,201197UC00607,2,1,2,2,33,6,3,0,0,1,0,0,9,1,City of Westminster
2015-01-07,201501VW40043,526570.0,169920.0,-0.181351,51.41418,1,3,2,1,4,16:20,22,E09000024,3,24,6,30,0,-1,-1,0,0,0,4,1,1,0,0,1,1,E01003367,201201SX20233,1,1,2,1,89,11,3,0,0,1,0,0,9,1,London
2015-01-07,2015132171133,414679.0,432113.0,-1.778695,53.785136,13,3,1,1,4,18:18,200,E08000032,6,0,6,30,0,-1,-1,0,0,0,4,5,2,0,0,1,2,E01010838,201206F066238,1,1,1,1,27,6,3,0,0,0,0,0,3,-1,Bradford
2015-01-07,201501CW10456,528090.0,181450.0,-0.155331,51.517457,1,3,1,1,4,13:15,1,E09000033,5,0,6,30,6,2,3,41,0,5,1,1,1,0,0,1,1,E01004714,201197UA70305,1,1,1,2,19,4,1,0,0,0,0,0,9,1,City of Westminster
2015-01-07,201501RY10350,551370.0,174670.0,0.177041,51.450786,1,3,1,1,4,16:00,18,E09000004,3,207,2,30,0,-1,-1,0,0,0,1,1,1,0,0,1,1,E01000378,201201PY20537,1,1,1,2,26,6,3,0,0,0,0,0,9,1,London
2015-01-07,2015132171061,432832.0,435205.0,-1.502864,53.812101,13,3,1,1,4,17:39,204,E08000035,6,0,6,30,3,4,6,0,0,0,4,2,2,0,0,1,1,E01011431,201206F066168,1,1,1,1,18,4,2,0,0,0,0,0,2,1,Leeds
2015-01-07,2015132170897,419058.0,418077.0,-1.713095,53.65884,13,3,2,3,4,16:15,203,E08000034,4,6118,6,40,3,4,6,0,0,0,1,1,2,0,0,2,1,E01011092,201206F066097,2,1,1,1,23,5,3,0,0,0,0,0,1,1,Kirklees
2015-01-07,2015132170356,408520.0,424386.0,-1.872381,53.715821,13,3,2,1,4,08:26,202,E08000033,6,0,6,30,0,-1,-1,0,0,0,1,1,2,0,0,1,2,E01010974,201206F066080,2,2,2,2,8,2,3,0,0,2,0,0,9,-1,Calderdale
2015-01-07,201543P033015,450362.0,206236.0,-1.271834,51.752561,43,3,2,1,4,14:55,482,E10000025,3,420,6,30,3,4,6,0,0,4,1,1,2,0,0,1,2,E01028549,201222G200920,1,1,1,2,22,5,3,0,0,0,0,0,3,1,Oxford
2015-01-07,201520M002575,434290.0,281620.0,-1.49709,52.43149,20,3,2,1,4,17:55,302,E08000026,4,4113,6,30,3,4,6,0,0,0,4,1,2,0,0,1,1,E01009567,2012120011337,1,1,1,2,19,4,3,0,0,0,0,0,3,3,Coventry
2015-01-07,2015331500015,473293.0,316147.0,-0.915887,52.737996,33,3,1,1,4,06:45,365,E10000018,6,6307,6,60,0,-1,-1,0,0,0,6,1,2,0,0,2,1,E01025888,2012160B04981,2,1,1,1,61,9,3,0,0,0,0,0,1,1,Melton
2015-01-07,201501QK50027,520720.0,183110.0,-0.260927,51.533998,1,3,2,1,4,08:21,27,E09000009,4,4492,6,30,6,2,4,4492,0,5,1,1,2,0,0,1,1,E01001246,201201MM70740,1,1,1,1,26,6,3,0,0,0,0,0,9,1,London
2015-01-07,2015132170249,401935.0,421768.0,-1.972174,53.692355,13,2,1,1,4,08:48,202,E08000033,6,0,6,30,0,-1,-1,0,0,0,1,1,2,0,0,2,1,E01010956,201206F066080,2,1,1,2,26,6,3,0,0,0,0,0,9,-1,Calderdale
2015-01-07,2015132170192,411814.0,432924.0,-1.822147,53.792497,13,3,1,1,4,07:40,200,E08000032,4,6145,6,30,3,4,6,0,0,4,4,1,2,0,0,2,1,E01010794,201206F066077,2,1,1,1,37,7,3,0,0,0,0,0,9,1,Bradford
2015-01-07,201537EA87243,654546.0,294809.0,1.74822,52.491745,37,3,2,1,4,08:51,416,E10000029,3,12,6,30,0,-1,-1,0,0,0,1,1,1,0,0,1,1,E01030240,201220N031502,1,1,3,1,19,4,2,1,2,0,0,0,0,1,East Suffolk
2015-01-07,201501LX50024,529900.0,176860.0,-0.130948,51.475796,1,3,2,1,4,23:40,9,E09000022,3,3036,6,30,0,-1,-1,0,0,0,4,1,1,0,0,1,1,E01003123,201201JI40343,1,1,3,1,32,6,3,1,1,0,0,2,0,1,London
2015-01-07,201501LX50023,530000.0,171660.0,-0.131418,51.429042,1,3,2,1,4,15:16,9,E09000022,3,214,2,30,7,2,3,216,0,5,1,1,2,0,0,1,1,E01003119,201201JI40342,1,1,3,1,44,7,3,9,5,0,0,2,0,1,London
2015-01-07,201501LX50022,531240.0,173030.0,-0.113085,51.441068,1,3,2,1,4,09:19,9,E09000022,3,205,6,30,3,4,6,0,0,0,1,1,1,0,0,1,1,E01003132,201201JI40341,1,2,2,2,18,4,2,0,0,1,0,0,9,1,London
2015-01-07,201504SB15004,352840.0,410740.0,-2.713949,53.591105,4,3,2,3,4,10:56,84,E10000017,3,5209,6,40,0,-1,-1,0,0,0,1,4,2,0,0,2,1,E01025538,201201YE80465,1,1,3,2,80,11,3,6,9,0,0,2,0,1,West Lancashire
2015-01-07,201501CW10468,528530.0,181120.0,-0.149114,51.514392,1,3,1,1,4,19:25,1,E09000033,3,40,6,30,6,2,5,0,0,5,4,2,2,0,0,1,1,E01004714,201197UC00507,1,1,1,2,26,6,3,0,0,0,0,0,9,3,City of Westminster
2015-01-07,201501ZT80009,523900.0,161070.0,-0.222807,51.335231,1,2,2,1,4,10:11,21,E09000029,5,0,6,30,3,4,6,0,0,0,1,1,2,0,0,1,1,E01004114,201201WW50168,1,1,3,2,14,3,3,9,5,0,0,2,0,1,London
2015-01-07,2015300011544,442680.0,370730.0,-1.362075,53.2319,30,3,2,2,4,17:05,327,E10000007,3,632,6,40,1,4,3,632,0,0,4,1,1,0,0,2,1,E01019822,2012130490986,3,1,1,2,19,4,3,0,0,0,0,0,9,1,North East Derbyshire
2015-01-07,2015460251749,601420.0,160230.0,0.888289,51.305538,46,3,3,2,4,08:32,540,E10000016,3,251,6,30,8,4,6,0,0,0,1,1,2,0,0,1,1,E01024626,201232N120012,2,1,1,2,17,4,3,0,0,0,0,0,9,1,Swale
2015-01-07,2015300011541,441430.0,373850.0,-1.380395,53.260042,30,3,4,1,4,08:14,322,E10000007,3,619,6,30,0,-1,-1,0,0,0,1,8,2,0,0,1,1,E01019552,2012130490984,1,1,1,1,21,5,3,0,0,0,0,0,9,1,Chesterfield
2015-01-07,2015051500045,336244.0,417953.0,-2.966121,53.654169,5,3,2,1,4,10:35,93,E08000014,3,5267,6,30,1,4,6,0,0,0,1,2,2,0,0,1,1,E01007035,201201ZD30642,1,2,2,2,46,8,3,0,0,1,0,0,9,-1,
2015-01-07,201501FH10014,522310.0,178630.0,-0.239568,51.493393,1,3,1,1,4,14:40,11,E09000013,3,315,6,30,3,4,6,0,0,0,1,1,1,0,0,1,1,E01001932,201201CW10974,2,1,1,1,24,5,3,0,0,0,0,0,3,1,London
2015-01-07,2015360088373,652842.0,307384.0,1.732748,52.605344,36,3,1,1,4,15:00,402,E10000020,5,612,6,30,6,2,6,0,0,0,1,1,1,0,0,1,2,E01026623,201220K012902,2,2,2,2,34,6,3,0,0,0,0,0,5,1,
2015-01-07,2015621500084,311335.0,186631.0,-3.280745,51.571551,62,3,2,1,4,19:45,744,W06000016,3,470,3,70,0,-1,-1,0,0,0,4,1,2,0,0,2,1,W01001184,201242I257408,2,4,2,2,-1,-1,3,0,0,1,0,0,9,-1,
2015-01-07,2015621500036,304353.0,199859.0,-3.385075,51.68931,62,3,3,1,4,16:35,744,W06000016,6,0,6,30,0,-1,-1,0,0,0,6,2,2,0,0,2,1,W01001205,201242I254708,2,1,1,2,18,4,2,0,0,0,0,0,9,2,
2015-01-07,201531B002015,476089.0,354767.0,-0.865452,53.08471,31,3,3,1,4,08:51,345,E10000024,3,617,6,50,3,2,6,0,0,0,1,1,2,0,0,2,1,E01028336,201214B053912,1,1,1,2,43,7,3,0,0,0,0,0,9,1,Newark and Sherwood
2015-01-07,201501YE80194,531130.0,197890.0,-0.105407,51.664497,1,2,2,2,4,12:58,32,E09000010,3,1005,6,30,8,4,6,0,0,0,1,9,1,0,0,1,1,E01001468,201201TD00058,2,1,1,1,44,7,1,0,0,0,0,0,1,1,London
2015-01-07,201501MM70014,534250.0,176310.0,-0.068559,51.469839,1,3,1,1,4,12:06,8,E09000028,3,2215,6,30,3,4,6,0,0,1,1,1,1,0,0,1,1,E01004063,201201KF60054,1,1,1,1,30,6,3,0,0,0,0,0,9,1,London
2015-01-07,201511SK00135,435271.0,529977.0,-1.454716,54.663648,11,3,3,3,4,11:25,169,E06000047,3,177,6,60,3,4,4,1278,0,0,1,1,2,0,0,2,1,E01020828,201205FF03275,2,1,1,1,30,6,3,0,0,0,0,0,1,-1,
2015-01-07,2015360087101,630572.0,308953.0,1.405602,52.629324,36,3,2,1,4,22:40,401,E10000020,3,47,3,70,0,-1,-1,0,0,0,6,1,1,0,0,2,1,E01026546,201220K006752,2,2,1,1,29,6,3,0,0,0,0,0,9,1,Broadland
2015-01-07,201514B011415,446183.0,405918.0,-1.304466,53.547874,14,3,2,1,4,18:00,210,E08000016,6,0,6,30,3,4,6,0,0,0,7,1,1,0,0,1,1,E01007377,2012070172049,1,1,1,2,33,6,3,0,0,0,0,0,9,1,
2015-01-07,2015350002415,517630.0,302910.0,-0.264195,52.611238,35,3,1,1,4,17:38,394,E06000031,5,47,6,30,0,-1,-1,0,0,0,4,1,2,0,0,1,1,E01015684,2012170S23312,2,2,2,1,23,5,3,0,0,1,0,0,9,1,Peterborough
2015-01-07,2015360087044,599579.0,281483.0,0.93187,52.394969,36,3,1,1,4,06:50,400,E10000020,3,1066,6,60,0,-1,-1,0,0,0,6,1,4,0,0,2,1,E01026441,201220K006542,1,1,3,1,31,6,3,9,9,0,0,0,0,1,Breckland
2015-01-07,201501XH30292,511540.0,181120.0,-0.39385,51.517998,1,3,2,2,4,09:36,26,E09000017,6,0,6,30,3,4,6,0,0,0,1,1,2,0,0,1,1,E01002545,201201TB00689,1,2,2,1,19,4,3,0,0,2,0,0,9,1,London
2015-01-07,201501MM70058,535280.0,178680.0,-0.052832,51.490891,1,3,2,1,4,11:45,8,E09000028,3,2208,6,30,3,4,6,0,0,0,1,1,1,0,0,1,2,E01003986,201201KF60082,1,1,3,1,10,2,3,5,1,0,0,2,0,1,London
2015-01-07,2015621500068,262085.0,199125.0,-3.995916,51.673916,62,3,1,1,4,20:26,745,W06000011,3,483,3,70,0,-1,-1,0,0,0,6,2,2,0,0,1,1,W01000837,201242I256608,2,1,1,2,36,7,3,0,0,0,0,0,9,-1,
2015-01-07,2015215000444,401772.0,307742.0,-1.975233,52.667388,21,3,2,1,4,08:25,250,E10000028,6,18,6,30,8,4,6,0,0,0,1,1,2,0,0,2,2,E01029395,2012130175903,2,1,1,1,52,8,3,0,0,0,0,0,9,2,Cannock Chase
2015-01-07,201501XH30296,510280.0,190490.0,-0.409066,51.602462,1,3,2,1,4,19:10,26,E09000017,3,404,1,30,1,4,4,472,0,1,4,1,2,0,0,1,1,E01002483,201201TB00691,1,1,3,1,-1,-1,2,5,2,0,0,2,0,-1,London
2015-01-07,201501TX20014,521440.0,177850.0,-0.252362,51.486571,1,3,2,1,4,18:45,25,E09000018,3,4,1,40,1,2,3,316,0,5,4,2,2,0,0,1,2,E01002569,201201RG40201,1,1,3,2,12,3,3,5,1,0,0,2,0,1,London
2015-01-07,201501BS70181,525330.0,178790.0,-0.196032,51.49417,1,3,2,2,4,21:50,12,E09000020,3,4,3,30,0,-1,-1,0,0,0,4,2,2,0,0,1,1,E01002851,201197NE00610,2,1,1,1,45,7,3,0,0,0,0,0,1,1,London
2015-01-07,201501PL60144,536010.0,175250.0,-0.043643,51.459893,1,3,1,1,4,19:30,7,E09000023,6,0,6,30,0,-1,-1,0,0,0,4,1,1,0,0,1,1,E01003336,201201KG70200,2,1,1,1,33,6,3,0,0,0,0,0,9,1,London
2015-01-07,2015460251823,582910.0,154330.0,0.62003,51.258787,46,3,2,1,4,15:15,536,E10000016,3,20,1,30,1,4,6,0,0,0,1,1,1,0,0,2,1,E01024375,201232N130612,2,1,1,1,43,7,3,0,0,0,0,0,9,2,
2015-01-07,2015170S10015,444518.0,518813.0,-1.313062,54.562598,17,2,1,1,4,15:28,245,E06000004,6,0,6,20,0,-1,-1,0,0,0,1,1,2,0,0,1,1,E01033477,2012100520712,2,2,2,2,32,6,2,0,0,0,4,0,11,-1,
2015-01-07,201501ZT80015,528440.0,166110.0,-0.155853,51.379519,1,3,1,1,4,18:51,21,E09000029,4,277,6,30,6,2,3,237,0,0,7,1,1,0,0,1,1,E01004188,201201WW50170,2,1,1,1,30,6,3,0,0,0,0,0,3,1,London
2015-01-07,201501EK40141,525170.0,185860.0,-0.195826,51.557744,1,3,2,1,4,11:08,2,E09000007,3,41,6,30,6,2,5,0,0,5,1,1,1,0,0,1,1,E01000884,201201BS70381,2,2,1,1,-1,-1,3,0,0,0,0,0,1,-1,London
2015-01-07,201501EK40153,529430.0,184240.0,-0.135006,51.542225,1,2,2,1,4,16:45,2,E09000007,5,0,6,30,3,4,6,0,0,0,4,1,1,0,0,1,1,E01000957,201201BS70389,2,1,1,1,39,7,3,0,0,0,0,0,1,1,London
2015-01-07,2015051500081,337151.0,404218.0,-2.949627,53.530842,5,3,2,1,4,17:15,93,E08000014,6,0,6,30,3,4,6,0,0,0,4,2,2,0,0,1,1,E01007068,201201ZD30665,1,1,3,1,-1,-1,2,5,1,0,0,2,0,1,
2015-01-07,201531A002215,447636.0,357454.0,-1.289808,53.112152,31,3,2,1,4,06:11,340,E10000024,3,38,3,70,0,-1,-1,0,0,0,4,1,2,0,0,2,1,E01027957,201214A159612,1,1,3,1,9,2,2,5,1,0,0,0,0,1,Ashfield
2015-01-07,2015331500018,460960.0,301902.0,-1.101157,52.611483,33,3,2,1,4,12:38,364,E06000016,3,6,6,30,0,-1,-1,0,0,0,1,2,2,0,0,1,1,E01013712,2012160B05001,1,1,1,1,17,4,3,0,0,0,0,0,3,3,Leicester
2015-01-07,2015051500079,336229.0,398993.0,-2.96247,53.483773,5,3,2,1,4,19:13,93,E08000014,3,5036,3,40,3,2,6,0,0,5,4,5,2,0,0,1,1,E01007088,201201ZD30664,1,1,3,2,19,4,3,4,1,0,0,2,0,1,
2015-01-07,201501EO40044,530810.0,183060.0,-0.115556,51.531303,1,3,2,1,4,17:34,3,E09000019,3,501,6,30,3,4,6,0,0,0,4,1,1,0,0,1,1,E01002697,201201CW10080,2,1,1,1,35,6,2,0,0,0,0,0,1,-1,London
2015-01-07,2015405BA0032,504140.0,247501.0,-0.480522,52.116032,40,3,2,1,4,20:58,420,E06000055,6,0,6,30,3,2,6,0,0,5,4,1,1,0,0,1,1,E01017507,201220T032502,1,1,3,1,28,6,3,9,9,0,0,0,0,1,
2015-01-07,2015160D00401,507914.0,430932.0,-0.364427,53.763571,16,3,1,1,4,17:30,228,E06000010,6,0,6,30,0,-1,-1,0,0,0,4,1,1,0,0,1,2,E01012866,2012100301812,2,1,1,1,38,7,3,0,0,0,0,0,9,1,Hull
2015-01-07,2015405BA0009,506313.0,242730.0,-0.450286,52.072741,40,3,2,2,4,20:48,420,E06000055,3,6,6,60,0,-1,-1,0,0,0,6,1,2,0,0,2,1,E01017549,201220T032132,2,2,2,2,30,6,3,0,0,1,0,0,9,1,
2015-01-07,2015460251786,576470.0,155520.0,0.528419,51.271505,46,3,2,1,4,15:40,536,E10000016,3,249,3,30,3,2,6,0,0,4,1,1,1,0,0,1,2,E01033092,201232N126512,2,1,1,2,26,6,3,0,0,0,0,0,9,-1,
2015-01-07,201563CP00715,195690.0,215440.0,-4.96454,51.800183,63,3,4,2,4,16:40,752,W06000009,3,4076,6,60,0,-1,-1,0,0,0,4,2,2,0,0,2,1,W01000573,201243N138052,2,2,2,1,79,11,3,0,0,1,0,0,9,1,
2015-01-07,201520G000695,391540.0,299040.0,-2.126308,52.589095,20,3,1,1,4,10:06,309,E08000031,3,4150,3,30,6,2,3,449,0,5,1,2,2,0,0,1,1,E01010521,201211ND16912,2,1,1,1,43,7,3,0,0,0,0,0,19,2,Wolverhampton
2015-01-07,201506A096061,386340.0,401870.0,-2.20746,53.51333,6,2,2,2,4,10:10,102,E08000003,5,0,6,30,0,-1,-1,0,0,0,1,1,2,0,0,1,1,E01005202,201204AM12086,2,1,1,1,24,5,2,0,0,0,0,0,3,1,Manchester