Date,Accident_Index_x,Location_Easting_OSGR,Location_Northing_OSGR,Longitude,Latitude,Police_Force,Accident_Severity,Number_of_Vehicles,Number_of_Casualties,Day_of_Week,Time,Local_Authority_(District),Local_Authority_(Highway),1st_Road_Class,1st_Road_Number,Road_Type,Speed_limit,Junction_Detail,Junction_Control,2nd_Road_Class,2nd_Road_Number,Pedestrian_Crossing-Human_Control,Pedestrian_Crossing-Physical_Facilities,Light_Conditions,Weather_Conditions,Road_Surface_Conditions,Special_Conditions_at_Site,Carriageway_Hazards,Urban_or_Rural_Area,Did_Police_Officer_Attend_Scene_of_Accident,LSOA_of_Accident_Location,Accident_Index_y,Vehicle_Reference,Casualty_Reference,Casualty_Class,Sex_of_Casualty,Age_of_Casualty,Age_Band_of_Casualty,Casualty_Severity,Pedestrian_Location,Pedestrian_Movement,Car_Passenger,Bus_or_Coach_Passenger,Pedestrian_Road_Maintenance_Worker,Casualty_Type,Casualty_Home_Area_Type,city
2015-01-07,2015350000315,547450.0,257460.0,0.155897,52.195663,35,3,2,1,4,09:00,390,E10000003,3,1134,6,30,6,2,5,280,0,5,1,1,1,0,0,1,2,E01017999,2012170S22442,1,1,1,1,35,6,2,0,0,0,0,0,4,1,Cambridge
2015-01-07,201506A096036,387830.0,402460.0,-2.185015,53.51867,6,3,1,1,4,14:40,102,E08000003,5,0,6,30,3,4,6,0,0,0,1,2,2,0,0,1,2,E01005249,201204AM12084,2,1,1,2,35,6,3,0,0,0,0,0,9,1,Manchester
2015-01-07,2015350000415,546730.0,248550.0,0.141525,52.115806,35,3,2,1,4,17:45,395,E10000003,5,284,6,30,8,4,6,0,0,0,6,1,1,0,0,2,2,E01018303,2012170S22522,2,1,1,1,18,4,3,0,0,0,0,0,3,1,South Cambridgeshire
2015-01-07,2015132180398,429361.0,439562.0,-1.555162,53.851467,13,2,1,1,4,15:00,204,E08000035,6,0,6,30,3,4,6,0,0,4,1,1,1,0,0,1,2,E01011567,201206F066245,1,1,3,1,22,5,3,10,3,0,0,0,0,1,Leeds
2015-01-07,201522C500181,378770.0,243550.0,-2.311273,52.089886,22,3,2,1,4,15:10,273,E10000034,4,4208,6,60,0,-1,-1,0,0,0,1,1,1,0,0,2,2,E01032218,2012130252876,1,2,2,1,1,1,3,0,0,2,0,0,9,1,Malvern Hills
2015-01-07,201560S004663,305977.0,367389.0,-3.408832,53.195241,60,3,2,1,4,09:05,723,W06000004,3,525,1,60,1,4,3,543,0,0,1,9,2,0,0,2,2,W01000196,201242I094404,1,1,3,2,52,8,2,6,9,0,0,2,0,-1,
2015-01-07,2015030000035,299910.0,527190.0,-3.551969,54.62988,3,2,1,1,4,13:20,60,E10000006,6,0,6,30,3,4,6,0,0,1,1,5,2,0,0,1,1,E01019108,201201WW50489,1,1,1,2,37,7,3,0,0,0,0,0,1,1,Allerdale
2015-01-07,2015075005970,351948.0,386644.0,-2.723727,53.374456,7,3,2,2,4,17:00,124,E06000006,6,0,6,30,0,-1,-1,0,1,1,4,2,2,0,0,1,1,E01012368,201204DL12010,2,2,1,1,23,5,3,0,0,0,0,0,9,-1,
2015-01-07,2015460251677,547580.0,152620.0,0.1134,51.253655,46,3,1,1,4,08:30,538,E10000016,6,382,6,60,8,4,6,0,0,0,1,8,2,0,0,2,1,E01024419,201232N113412,1,1,1,1,19,4,3,0,0,0,0,0,3,3,Sevenoaks
2015-01-07,201520J001815,390310.0,284260.0,-2.144027,52.456204,20,3,2,2,4,15:50,303,E08000027,3,491,2,30,8,4,6,0,0,0,1,1,1,0,0,1,2,E01009856,201211NI24562,2,2,1,2,33,6,3,0,0,0,0,0,9,1,
2015-01-07,201501HT20002,534140.0,180650.0,-0.068494,51.508865,1,3,2,1,4,10:00,5,E09000030,3,1203,6,30,3,4,6,0,0,0,1,1,1,0,0,1,1,E01004294,201201EK40671,1,1,1,1,26,6,3,0,0,0,0,0,3,1,London
2015-01-07,201543W180015,468869.0,173058.0,-1.010276,51.452326,43,3,2,1,4,22:37,472,E06000038,6,7201,1,30,1,4,6,7201,0,0,4,2,2,0,0,1,1,E01016395,201230C001402,2,4,1,1,22,5,3,0,0,0,0,0,9,1,
2015-01-07,201501JC30007,537460.0,188500.0,-0.017621,51.578609,1,3,2,1,4,08:55,13,E09000031,3,112,6,30,3,4,6,0,0,0,1,1,1,0,0,1,2,E01004406,201201FH10292,2,2,1,1,45,7,3,0,0,0,0,0,9,1,
2015-01-07,201522D500173,402250.0,266540.0,-1.968429,52.296983,22,3,2,1,4,16:43,274,E10000034,6,0,6,30,3,4,6,0,0,0,4,1,1,0,0,1,2,E01032269,2012130294961,2,3,2,2,30,6,3,0,0,1,0,0,9,1,
2015-01-07,2015460251638,597040.0,146520.0,0.817995,51.183941,46,3,2,1,4,18:55,530,E10000016,3,20,6,60,9,4,6,0,0,0,6,1,2,0,0,2,1,E01023990,201232N110612,1,4,2,2,20,4,3,0,0,2,0,0,9,2,Ashford
2015-01-07,201520G001555,393730.0,296320.0,-2.09393,52.564673,20,3,3,1,4,14:44,309,E08000031,3,4039,6,30,8,4,6,0,0,0,1,2,2,0,0,1,1,E01010451,201211ND18262,2,3,2,1,8,2,3,0,0,2,0,0,9,2,Wolverhampton
2015-01-07,2015030000034,349360.0,532140.0,-2.786939,54.681755,3,1,2,2,4,12:50,64,E10000006,1,6,3,70,0,-1,-1,0,0,0,1,2,2,0,0,2,1,E01019329,201201WW50488,2,3,1,1,28,6,3,0,0,0,0,0,9,-1,Eden
2015-01-07,201543W024015,476810.0,173285.0,-0.895967,51.453347,43,3,2,1,4,15:11,475,E06000041,6,7517,6,30,8,4,6,0,0,0,1,1,2,0,0,1,1,E01016621,201230C000392,1,1,1,1,25,5,3,0,0,0,0,0,3,1,
2015-01-07,201550GT3F001,177813.0,45127.0,-5.118923,50.264224,50,3,2,1,4,10:40,596,E06000052,3,390,3,30,1,4,6,0,0,0,1,5,2,0,0,1,1,E01018819,2012370186112,2,1,1,1,64,9,3,0,0,0,0,0,9,3,
2015-01-07,2015160C00391,514858.0,458288.0,-0.248896,54.007845,16,3,2,2,4,07:40,231,E06000011,3,165,6,60,3,4,4,1242,0,0,4,2,2,6,0,2,2,E01012986,2012100176012,2,1,1,2,35,6,3,0,0,0,0,0,9,1,
2015-01-07,201522D500093,399500.0,275760.0,-2.00877,52.379876,22,1,1,3,4,23:55,270,E10000034,4,4096,6,40,0,-1,-1,0,0,0,4,1,2,0,0,2,1,E01032143,2012130294473,1,1,1,2,10,2,2,0,0,0,0,0,1,1,
2015-01-07,201506G096273,390500.0,395650.0,-2.144538,53.457514,6,3,2,3,4,17:35,110,E08000008,3,57,3,40,0,-1,-1,0,0,0,4,2,2,0,0,1,2,E01005991,201204BB12045,1,1,1,1,67,10,3,0,0,0,0,0,9,1,Tameside
2015-01-07,201543R053015,496377.0,180339.0,-0.612522,51.513766,43,2,2,1,4,15:05,473,E06000039,3,355,6,30,3,4,6,7302,0,0,1,2,2,0,0,1,1,E01016465,2012233049112,1,1,1,1,21,5,3,0,0,0,0,0,9,1,
2015-01-07,2015075005468,349502.0,365967.0,-2.757196,53.188384,7,2,2,1,4,07:52,130,E06000050,3,51,6,60,3,4,6,0,0,0,1,2,2,0,0,2,1,E01018368,201204DL12010,1,1,1,2,18,4,2,0,0,0,0,0,9,-1,
2015-01-07,201550EC2E002,248440.0,54666.0,-4.132665,50.372319,50,3,1,1,4,13:41,583,E06000026,6,0,6,30,0,-1,-1,0,0,0,1,2,2,0,0,1,2,E01032657,2012360068461,1,1,1,1,78,11,3,0,0,0,0,0,9,3,Plymouth
2015-01-07,201501EK40007,530510.0,181530.0,-0.120444,51.517623,1,3,1,1,4,17:00,2,E09000007,3,40,6,30,6,2,3,4200,0,5,4,1,1,0,0,1,1,E01000918,201201BS70269,3,1,1,1,45,7,3,0,0,0,0,0,4,1,London
2015-01-07,2015215000273,425699.0,321934.0,-1.620323,52.794364,21,3,1,1,4,15:50,251,E10000028,3,444,6,30,8,4,6,0,0,0,1,4,1,0,0,1,2,E01029451,2012130171951,1,1,2,2,75,10,3,0,0,1,0,0,9,1,East Staffordshire
2015-01-07,201522C500179,382500.0,254500.0,-2.257401,52.188462,22,3,2,1,4,17:28,276,E10000034,3,44,6,30,3,4,6,0,0,0,4,1,2,0,0,1,1,E01032286,2012130252876,1,1,2,2,49,8,3,0,0,1,0,0,9,2,Worcester
2015-01-07,2015215000288,397047.0,309968.0,-2.045123,52.687393,21,3,2,1,4,09:50,250,E10000028,6,27,6,30,6,4,6,54,0,0,1,1,1,0,0,1,1,E01029365,2012130172342,1,1,1,1,48,8,3,0,0,0,0,0,9,1,Cannock Chase
2015-01-07,2015215000286,408022.0,334675.0,-1.882164,52.909447,21,3,2,1,4,10:30,251,E10000028,3,50,3,70,0,-1,-1,0,0,0,1,2,2,0,0,2,1,E01029430,2012130172219,2,1,2,1,0,1,3,0,0,1,0,0,9,1,East Staffordshire
2015-01-07,2015331500006,454440.0,298015.0,-1.198073,52.577234,33,3,2,1,4,08:05,360,E10000018,6,4514,6,30,3,2,4,4114,0,5,1,1,1,0,0,2,2,E01025642,2012160B04931,2,1,1,2,22,5,3,0,0,0,0,0,9,1,
2015-01-07,2015030000050,300480.0,528550.0,-3.543606,54.642211,3,3,2,1,4,17:50,60,E10000006,3,596,6,30,0,-1,-1,0,0,5,4,2,2,0,0,1,2,E01019116,201201WW50500,1,1,3,2,29,6,3,9,8,0,0,2,0,1,Allerdale
2015-01-07,201534NK00385,487333.0,279415.0,-0.717658,52.405783,34,3,2,1,4,14:00,383,E10000021,6,7014,6,30,0,-1,-1,0,0,0,1,2,2,0,0,1,1,E01027112,2012170H11572,1,1,3,2,42,7,3,5,1,0,0,0,0,1,
2015-01-07,201520M001975,433840.0,281540.0,-1.503717,52.430799,20,2,2,2,4,08:39,302,E08000026,4,4118,6,30,3,4,6,0,0,0,1,1,1,0,0,1,2,E01009566,2012120009861,1,1,1,2,39,7,3,0,0,0,0,0,9,1,Coventry
2015-01-07,2015530209316,372613.0,213916.0,-2.398763,51.823189,53,3,2,1,4,16:00,622,E10000013,3,48,6,50,3,4,6,385,0,0,1,1,1,0,0,2,1,E01022266,20124100B0616,2,5,1,1,47,8,3,0,0,0,0,0,9,1,Forest of Dean
2015-01-07,2015075005995,342799.0,368068.0,-2.857876,53.206587,7,3,2,1,4,17:35,130,E06000050,3,41,1,70,1,4,3,56,0,0,4,1,2,0,0,1,1,E01018358,201204DL12011,1,1,1,1,24,5,3,0,0,0,0,0,9,1,Chester
2015-01-07,201534WD01145,455123.0,264244.0,-1.193553,52.273593,34,3,2,2,4,17:45,381,E10000021,3,45,6,60,0,-1,-1,0,0,0,6,1,2,0,0,2,1,E01026999,2012170M10302,1,1,3,1,12,3,3,4,4,0,0,0,0,1,
2015-01-07,2015215000268,383388.0,343795.0,-2.248924,52.991226,21,3,1,1,4,07:55,253,E10000028,6,72,6,30,3,4,6,72,0,0,7,1,2,0,0,1,1,E01029608,2012130171930,2,1,1,1,30,6,3,0,0,0,0,0,1,1,
2015-01-07,201501QA10015,514190.0,189320.0,-0.353014,51.591168,1,3,2,2,4,16:12,29,E09000015,5,0,6,30,0,-1,-1,0,0,0,5,8,2,0,0,1,1,E01002163,201201MM70239,1,1,3,1,-1,-1,3,5,2,0,0,2,0,1,London
2015-01-07,2015460251668,615530.0,158580.0,1.089417,51.28556,46,3,2,2,4,12:00,531,E10000016,3,28,6,30,8,4,6,0,0,4,1,1,1,0,0,1,1,E01024093,201232N113212,2,3,2,2,46,8,3,0,0,1,0,0,9,1,Canterbury
2015-01-08,2015132181019,424428.0,422518.0,-1.631491,53.698533,13,3,2,1,5,17:20,203,E08000034,3,652,6,30,9,4,6,0,0,0,4,1,1,0,0,1,1,E01011128,201206F066483,2,1,1,1,13,3,2,0,0,0,0,0,1,1,Kirklees
2015-01-08,2015460251813,570413.0,165496.0,0.446439,51.362967,46,3,3,1,5,17:19,544,E06000035,3,228,6,60,0,-1,-1,0,0,0,6,1,2,0,0,2,1,E01016028,201232N128612,1,1,1,1,24,5,3,0,0,0,0,0,9,1,
2015-01-08,2015440007654,484905.0,159495.0,-0.782787,51.328226,44,3,2,1,5,09:00,494,E10000014,4,3272,6,30,3,4,6,0,0,0,1,2,2,0,0,1,1,E01022846,201230C002327,2,3,2,2,46,8,3,0,0,1,0,0,9,-1,Hart
2015-01-08,201560S003806,325614.0,363840.0,-3.114139,53.166459,60,3,2,1,5,22:00,724,W06000005,3,549,6,30,8,4,6,0,0,0,4,5,2,0,0,1,1,W01000322,201242I094003,2,1,1,1,16,4,2,0,0,0,0,0,2,2,
2015-01-08,201550DE2O002,293487.0,92238.0,-3.510227,50.719975,50,3,2,1,5,09:04,581,E10000008,6,0,6,30,3,4,6,0,0,0,1,2,2,0,0,1,1,E01019987,2012360068189,1,1,1,2,30,6,3,0,0,0,0,0,9,1,Exeter
2015-01-08,201534WN00665,475487.0,259620.0,-0.896187,52.229615,34,2,1,1,5,08:00,384,E10000021,3,508,6,30,6,2,6,8506,0,0,1,2,2,0,0,1,1,E01032980,2012170M11982,2,1,1,2,37,7,3,0,0,0,0,0,9,1,
2015-01-08,2015440007576,446226.0,123573.0,-1.342478,51.00969,44,3,2,1,5,09:15,502,E10000014,6,0,1,30,1,4,6,0,0,0,1,2,2,0,0,2,2,E01023230,201230C002327,2,2,1,1,42,7,3,0,0,0,0,0,9,-1,Winchester
2015-01-08,201501BS70183,524320.0,181280.0,-0.209696,51.516771,1,3,2,1,5,08:50,12,E09000020,4,450,6,30,6,2,5,0,0,5,1,2,2,0,0,1,1,E01002879,201197NE00703,1,1,3,1,40,7,3,9,8,0,0,0,0,-1,London
2015-01-08,2015530209328,407262.0,201691.0,-1.89629,51.713904,53,3,2,2,5,19:30,621,E10000013,3,417,6,50,0,-1,-1,0,0,0,6,1,2,0,0,2,1,E01022175,20124100B0629,2,2,1,1,28,6,2,0,0,0,0,0,1,3,Cotswold
2015-01-08,2015450020916,520339.0,160819.0,-0.273984,51.333739,45,3,2,1,5,12:50,38,E10000030,4,280,6,30,3,4,6,0,0,0,1,8,2,0,0,1,1,E01030403,201231C235812,2,1,2,2,34,6,3,0,0,0,0,0,10,1,Epsom and Ewell
2015-01-08,201501BS70191,526150.0,178450.0,-0.184348,51.490933,1,3,1,2,5,17:25,12,E09000020,6,0,6,30,3,4,3,3218,0,0,4,1,1,0,0,1,1,E01002836,201197NE00908,1,4,2,1,67,10,3,0,0,2,0,0,9,2,London
2015-01-08,2015331500021,459067.0,305309.0,-1.128502,52.642316,33,2,1,1,5,19:09,364,E06000016,3,607,3,30,3,4,6,1900,0,4,4,1,2,0,0,1,1,E01013754,2012160B05031,1,1,1,1,22,5,3,0,0,0,0,0,9,1,Leicester
2015-01-08,201504SC15063,359180.0,417920.0,-2.619117,53.65617,4,3,1,1,5,07:55,73,E10000017,6,0,6,30,3,4,6,0,0,8,4,1,1,0,0,1,1,E01024928,201201YE80768,1,2,2,2,44,7,3,0,0,1,0,0,9,1,Chorley
2015-01-08,201520L000745,414540.0,279640.0,-1.787655,52.414568,20,3,1,1,5,18:10,306,E08000029,6,0,6,30,8,4,4,4102,0,1,4,8,1,0,0,1,2,E01010192,201211SK32382,2,1,2,2,49,8,3,0,0,1,0,0,9,2,
2015-01-08,2015520500980,361608.0,143854.0,-2.550776,51.192609,52,3,2,3,5,08:15,606,E10000027,3,371,6,30,3,4,6,0,0,0,1,2,2,0,0,1,1,E01029062,2012370467412,2,1,1,1,76,11,3,0,0,0,0,0,9,3,Mendip
2015-01-08,2015440008270,436168.0,147038.0,-1.48349,51.221398,44,3,1,1,5,18:40,501,E10000014,6,0,6,30,0,-1,-1,0,0,0,7,1,1,0,0,1,2,E01023156,201230C002332,1,1,1,1,61,9,3,0,0,0,0,0,9,3,Test Valley
2015-01-08,201501YE80042,529320.0,192460.0,-0.133567,51.61612,1,3,1,1,5,19:12,32,E09000010,6,0,2,30,5,4,3,1110,0,1,4,1,1,0,0,1,1,E01001534,201201TB01226,2,1,1,2,67,10,3,0,0,0,0,0,9,1,London
2015-01-08,201501QK50031,519630.0,183870.0,-0.276376,51.54106,1,3,2,1,5,17:29,28,E09000005,3,406,3,50,5,4,6,0,0,0,4,1,1,0,0,1,1,E01000600,201201MM70745,2,1,1,1,28,6,3,0,0,0,0,0,1,-1,London
2015-01-08,2015160C00561,508873.0,460322.0,-0.339449,54.027413,16,3,1,1,5,21:05,231,E06000011,6,0,6,60,0,-1,-1,0,0,0,6,1,4,0,0,2,1,E01012987,2012100177412,2,2,2,2,2,1,3,0,0,2,0,0,9,-1,
2015-01-08,201501EO40079,531570.0,183510.0,-0.104437,51.535171,1,3,1,1,5,18:05,3,E09000019,3,1,3,30,3,2,6,0,0,5,4,1,1,0,0,1,1,E01002794,201201CW10103,1,1,3,1,-1,-1,3,1,1,0,0,2,0,-1,London
2015-01-08,2015440007840,432736.0,125249.0,-1.534603,51.025683,44,3,1,1,5,12:36,501,E10000014,6,0,6,60,0,-1,-1,0,0,0,1,1,1,0,0,2,1,E01023177,201230C002331,1,1,1,1,18,4,3,0,0,0,0,0,9,2,Test Valley
2015-01-08,2015440007838,414777.0,107725.0,-1.791377,50.868842,44,3,2,1,5,11:46,496,E10000014,3,338,6,60,8,4,6,0,0,0,1,1,2,0,0,2,1,E01023026,201230C002330,1,1,1,2,26,6,3,0,0,0,0,0,9,1,New Forest
2015-01-08,2015450020977,525756.0,152647.0,-0.199143,51.259124,45,3,2,2,5,18:59,513,E10000030,1,25,7,70,5,2,3,217,0,0,4,1,2,0,0,2,1,E01030590,201231C239812,2,1,1,2,34,6,2,0,0,0,0,0,2,1,Reigate and Banstead
2015-01-08,201520Z000135,419870.0,283480.0,-1.709065,52.448922,20,2,2,1,5,15:35,306,E08000029,1,42,7,70,5,4,1,42,0,0,1,1,2,0,0,1,2,E01010109,2012130008432,2,4,2,1,9,2,3,0,0,2,0,0,9,1,
2015-01-08,2015450020966,522096.0,164139.0,-0.247638,51.363204,45,3,3,1,5,14:45,38,E10000030,6,2050,6,20,0,-1,-1,0,0,0,1,1,2,0,0,1,1,E01030406,201231C238012,1,1,1,1,48,8,3,0,0,0,0,0,19,1,Epsom and Ewell
2015-01-08,2015405BA0016,505768.0,251044.0,-0.455655,52.147565,40,3,3,1,5,14:05,420,E06000055,6,0,6,30,3,2,4,660,0,5,1,1,1,0,0,1,2,E01017482,201220T032172,1,1,3,1,14,3,2,4,4,0,0,0,0,1,
2015-01-08,2015460251949,614380.0,137180.0,1.060188,51.093842,46,3,2,1,5,19:43,539,E10000016,3,20,6,60,3,4,6,0,0,0,6,1,2,0,0,2,1,E01024550,201232N147412,1,1,1,2,40,7,3,0,0,0,0,0,9,1,Folkestone and Hythe
2015-01-08,201543S025015,486834.0,236497.0,-0.735987,52.020109,43,3,1,1,5,18:00,479,E06000042,4,4034,6,40,3,4,6,1069,0,0,4,1,1,0,0,1,1,E01016842,201230B000640,1,3,2,2,28,6,3,0,0,1,0,0,9,-1,
2015-01-08,2015450020930,499447.0,152982.0,-0.575949,51.267327,45,3,2,1,5,08:12,511,E10000030,3,320,1,40,1,4,5,14,0,0,7,2,2,0,0,2,1,E01030504,201231C235912,2,1,1,1,22,5,3,0,0,0,0,0,3,1,
2015-01-08,2015160C00381,503784.0,429726.0,-0.427457,53.753574,16,3,1,1,5,13:30,231,E06000011,6,0,3,40,3,4,6,0,0,0,1,1,1,0,0,1,2,E01013111,2012100175912,2,2,1,2,41,7,3,0,0,0,0,0,9,1,
2015-01-08,2015440007715,462155.0,152822.0,-1.110416,51.271168,44,2,1,1,5,11:07,490,E10000014,6,0,6,30,3,4,3,340,0,8,1,2,2,0,0,1,1,E01022526,201230C002329,1,1,1,2,45,7,2,0,0,0,0,0,9,1,Basingstoke and Deane
2015-01-08,2015160B00371,487222.0,411167.0,-0.68377,53.589838,16,3,2,2,5,11:50,232,E06000013,6,0,1,30,1,4,6,0,0,4,1,1,1,0,0,2,2,E01013334,2012100093612,2,1,1,1,40,7,3,0,0,0,0,0,3,-1,
2015-01-08,201542I004901,545194.0,200971.0,0.099083,51.688726,42,3,3,1,5,08:10,456,E10000012,6,0,6,30,0,-1,-1,0,0,0,1,1,1,0,0,1,2,E01021758,2012212005281,2,1,1,2,42,7,3,0,0,0,0,0,9,2,Epping Forest
2015-01-08,201501PL60005,538220.0,171810.0,-0.013194,51.428446,1,2,2,1,5,07:10,7,E09000023,3,21,3,30,6,2,3,2218,0,5,4,2,2,0,0,1,2,E01003241,201201KG70115,1,1,1,2,-1,-1,3,0,0,0,0,0,5,-1,London
2015-01-08,201542I004701,581355.0,198107.0,0.620198,51.652497,42,3,2,1,5,14:00,454,E10000012,6,0,6,30,9,4,6,0,0,0,1,2,2,0,0,1,1,E01021611,2012212005279,3,2,1,1,15,3,3,0,0,0,0,0,1,1,Chelmsford
2015-01-08,201501JC30002,536470.0,184890.0,-0.033299,51.546409,1,3,2,1,5,17:15,4,E09000012,3,12,3,50,0,-1,-1,0,0,0,4,1,1,0,0,1,2,E01001849,201201FH10288,2,2,1,1,47,8,3,0,0,0,0,0,19,1,London
2015-01-08,201563CP01015,218520.0,241100.0,-4.647367,52.03852,63,3,2,1,5,05:50,752,W06000009,3,487,6,60,0,-1,-1,0,0,0,6,2,2,4,0,2,1,W01000558,201243N138102,2,2,2,1,26,6,3,0,0,1,0,0,9,1,
2015-01-08,201501PY20310,546070.0,168680.0,0.098355,51.398354,1,2,1,2,5,16:40,19,E09000006,5,0,6,30,3,4,6,0,0,0,4,2,2,0,0,1,1,E01000698,201201LX50718,1,2,2,1,12,3,3,0,0,2,0,0,9,1,London
2015-01-08,2015440007680,480862.0,153683.0,-0.842116,51.276565,44,3,2,2,5,10:26,494,E10000014,3,323,6,30,3,2,3,323,0,0,1,2,2,0,0,1,1,E01022862,201230C002328,1,2,3,2,18,4,2,5,2,0,0,0,0,1,Hart
2015-01-08,2015331500289,466514.0,301525.0,-1.019222,52.607444,33,2,1,4,5,00:10,363,E10000018,5,3403,6,60,3,4,6,4401,0,0,6,2,2,0,0,2,1,E01025783,2012160C01711,2,1,1,2,53,8,3,0,0,0,0,0,9,3,Harborough
2015-01-08,201543R264015,487716.0,182459.0,-0.736772,51.534232,43,3,2,1,5,06:52,474,E06000040,3,308,6,30,8,4,6,0,0,0,4,1,2,0,0,1,1,E01016571,201230B000038,1,1,1,2,43,7,2,0,0,0,0,0,9,1,
2015-01-08,201506A096084,386080.0,398210.0,-2.211217,53.480425,6,3,2,4,5,07:30,102,E08000003,5,0,6,30,3,4,5,0,0,0,1,1,2,0,0,1,1,E01033688,201204AM12087,2,2,2,2,53,8,3,0,0,2,0,0,8,1,Manchester
2015-01-08,201504ED15020,366380.0,428900.0,-2.511376,53.755369,4,3,2,2,5,17:45,70,E06000008,3,677,6,30,0,-1,-1,0,0,0,4,2,2,0,0,1,1,E01012582,201201XD80649,2,3,2,2,55,8,3,0,0,2,0,0,8,1,
2015-01-08,201543R256015,485345.0,161894.0,-0.775899,51.349726,43,3,2,1,5,13:17,470,E06000036,6,7005,6,30,3,4,6,7005,0,0,1,1,1,0,0,1,2,E01016197,201230B000020,2,1,1,1,48,8,3,0,0,0,0,0,9,1,
2015-01-08,201501XH30298,508750.0,181730.0,-0.433856,51.524025,1,3,1,1,5,15:41,26,E09000017,5,0,2,30,0,-1,-1,0,0,0,1,1,1,0,0,1,2,E01002401,201201TB00692,1,1,3,2,45,7,2,5,3,0,0,2,0,-1,London
2015-01-08,201501BS70196,524730.0,179100.0,-0.204561,51.497089,1,3,1,1,5,11:15,12,E09000020,3,3220,2,30,6,2,3,315,0,5,1,5,2,0,0,1,1,E01002814,201197NE00911,2,1,2,1,21,5,3,0,0,2,0,0,9,1,London
2015-01-08,201506P095953,386740.0,406090.0,-2.201609,53.551271,6,3,2,1,5,13:15,106,E08000005,5,0,6,30,3,4,6,0,0,0,1,1,2,0,0,1,2,E01005539,201204CL12146,1,1,1,2,24,5,3,0,0,0,0,0,9,1,
2015-01-08,2015460252478,579266.0,167701.0,0.574581,51.380051,46,3,2,1,5,04:50,544,E06000035,3,289,1,50,1,4,6,0,0,7,4,2,2,0,0,2,1,E01016159,201232N207512,1,1,1,1,80,11,3,0,0,0,0,0,9,3,
2015-01-08,2015460252481,618060.0,137160.0,1.112647,51.092276,46,3,3,3,5,08:57,539,E10000016,1,20,3,70,0,-1,-1,0,0,0,1,2,2,0,0,2,1,E01024550,201232N207712,1,1,1,1,24,5,3,0,0,0,0,0,9,-1,Folkestone and Hythe
2015-01-08,2015460251830,575380.0,165560.0,0.517744,51.362031,46,3,2,1,5,19:02,544,E06000035,3,230,6,30,3,4,6,0,0,0,4,2,2,0,0,1,1,E01016122,201232N132312,1,1,1,2,57,9,3,0,0,0,0,0,9,-1,
2015-01-08,2015520500678,372736.0,144975.0,-2.391623,51.20333,52,3,2,1,5,05:45,606,E10000027,6,0,6,60,3,4,3,361,0,0,6,2,2,0,0,2,1,E01029058,2012370459512,2,3,2,1,72,10,3,0,0,1,0,0,9,2,Mendip
2015-01-08,201506A096428,383860.0,399560.0,-2.244738,53.492496,6,3,2,1,5,15:30,102,E08000003,6,0,6,30,3,4,6,0,0,0,1,1,1,0,0,1,1,E01033655,201204AM12092,2,2,2,1,8,2,3,0,0,2,0,0,9,1,Manchester
2015-01-08,2015540371415,411120.0,185080.0,-1.840971,51.564489,54,3,4,3,5,07:57,633,E06000030,6,0,6,30,1,4,6,0,0,0,1,2,2,0,0,1,1,E01015566,20124100D0538,2,1,2,1,59,9,3,0,0,1,0,0,9,1,
2015-01-08,2015540261215,415196.0,184864.0,-1.782179,51.562452,54,3,2,1,5,07:45,633,E06000030,5,401,3,30,3,4,6,0,0,0,4,2,2,0,0,1,2,E01032714,20124100D0514,1,6,1,1,39,7,3,0,0,0,0,0,19,2,
2015-01-08,2015170S20105,445512.0,525901.0,-1.296595,54.626203,17,3,2,1,5,18:35,245,E06000004,3,689,3,60,1,4,5,161,0,0,4,1,1,0,0,2,2,E01012297,2012100556612,1,1,1,1,21,5,2,0,0,0,0,0,4,1,
2015-01-08,201501TX20024,510800.0,177470.0,-0.405656,51.485338,1,3,1,1,5,15:10,25,E09000018,5,0,1,30,2,4,6,0,0,0,1,9,1,0,0,1,1,E01002633,201201RG40205,1,2,2,1,5,1,3,0,0,1,0,0,9,1,London
2015-01-08,2015215000257,413244.0,309988.0,-1.805508,52.687423,21,3,2,1,5,06:10,252,E10000028,3,5192,1,30,1,4,3,5127,0,0,4,1,2,0,0,1,1,E01029524,2012130171520,2,4,2,1,22,5,3,0,0,1,0,0,9,-1,Lichfield
2015-01-08,2015540236415,391299.0,166767.0,-2.126462,51.399866,54,3,2,1,5,12:27,635,E06000054,3,350,6,60,8,4,6,0,0,0,1,1,2,0,0,2,1,E01032071,20124100D0513,2,1,2,1,4,1,3,0,0,2,0,0,9,1,
2015-01-08,2015540220015,414630.0,142119.0,-1.792089,51.178121,54,3,1,1,5,07:55,635,E06000054,3,303,3,70,0,-1,-1,0,0,0,1,2,5,0,0,2,1,E01031979,20124100D0508,2,1,1,1,52,8,2,0,0,0,0,0,1,-1,