Date,Accident_Index_x,Location_Easting_OSGR,Location_Northing_OSGR,Longitude,Latitude,Police_Force,Accident_Severity,Number_of_Vehicles,Number_of_Casualties,Day_of_Week,Time,Local_Authority_(District),Local_Authority_(Highway),1st_Road_Class,1st_Road_Number,Road_Type,Speed_limit,Junction_Detail,Junction_Control,2nd_Road_Class,2nd_Road_Number,Pedestrian_Crossing-Human_Control,Pedestrian_Crossing-Physical_Facilities,Light_Conditions,Weather_Conditions,Road_Surface_Conditions,Special_Conditions_at_Site,Carriageway_Hazards,Urban_or_Rural_Area,Did_Police_Officer_Attend_Scene_of_Accident,LSOA_of_Accident_Location,Accident_Index_y,Vehicle_Reference,Casualty_Reference,Casualty_Class,Sex_of_Casualty,Age_of_Casualty,Age_Band_of_Casualty,Casualty_Severity,Pedestrian_Location,Pedestrian_Movement,Car_Passenger,Bus_or_Coach_Passenger,Pedestrian_Road_Maintenance_Worker,Casualty_Type,Casualty_Home_Area_Type,city
2015-01-08,2015350002715,544280.0,259420.0,0.110386,52.21411,35,3,2,1,5,07:55,390,E10000003,3,1134,6,30,3,2,3,1307,0,5,1,1,2,0,2,1,1,E01017957,2012170S23572,1,1,3,1,63,9,3,5,1,0,0,0,0,1,Cambridge
2015-01-08,2015350002815,518070.0,294180.0,-0.260807,52.532698,35,3,1,1,5,16:30,394,E06000031,3,15,6,40,0,-1,-1,0,0,0,1,1,2,7,0,2,1,E01033176,2012170S23662,1,1,1,1,64,9,3,0,0,0,0,0,10,1,Peterborough
2015-01-08,201531B037315,458145.0,378880.0,-1.128934,53.303685,31,3,1,1,5,13:45,341,E10000024,4,6024,6,30,8,4,6,0,0,0,1,1,1,0,0,1,1,E01028062,201214B068112,1,1,1,1,31,6,3,0,0,0,0,0,9,1,Bassetlaw
2015-01-08,2015460251831,576059.0,169021.0,0.5292,51.392911,46,3,1,1,5,11:47,544,E06000035,3,231,6,30,1,4,6,0,0,4,1,2,2,0,0,1,1,E01032798,201232N134412,1,1,3,1,11,3,3,4,4,0,0,0,0,1,
2015-01-08,201523N025036,435207.0,285180.0,-1.483229,52.463435,23,3,1,1,5,18:25,291,E10000031,4,4113,6,30,6,2,6,0,0,5,1,1,1,0,0,1,1,E01031080,2012130418074,2,1,1,1,24,5,3,0,0,0,0,0,3,1,Nuneaton and Bedworth
2015-01-08,201501JC30016,537440.0,191210.0,-0.016849,51.602965,1,3,2,1,5,15:26,13,E09000031,3,112,6,30,3,2,3,112,0,5,1,1,1,0,0,1,2,E01004455,201201FH10301,2,1,1,1,37,7,3,0,0,0,0,0,1,1,London
2015-01-08,2015160C00051,500901.0,462762.0,-0.460288,54.050953,16,3,1,1,5,05:05,231,E06000011,4,1249,6,60,0,-1,-1,0,0,0,6,1,2,0,0,2,1,E01012985,2012100167012,2,4,2,1,10,2,3,0,0,2,0,0,9,1,
2015-01-08,201501MM70098,532630.0,173790.0,-0.092812,51.447574,1,3,2,1,5,09:15,8,E09000028,5,0,6,30,8,4,6,0,0,0,1,2,2,0,0,1,2,E01004069,201201KF60102,1,2,2,2,85,11,3,0,0,1,0,0,9,1,London
2015-01-08,201506L095813,354570.0,404470.0,-2.686901,53.534906,6,2,1,1,5,17:28,114,E08000010,6,0,6,30,8,4,6,0,0,0,4,1,1,0,0,1,1,E01006399,201204CA12208,1,1,3,1,14,3,3,1,1,0,0,0,0,2,
2015-01-08,2015331500050,456145.0,304268.0,-1.171857,52.633268,33,3,1,1,5,07:40,364,E06000016,3,47,6,30,3,4,6,1496,0,4,4,2,2,0,0,1,1,E01013785,2012160C00081,1,1,2,2,55,8,3,0,0,1,0,0,9,1,Leicester
2015-01-08,201501XH30295,509560.0,176950.0,-0.423668,51.480905,1,3,2,1,5,14:40,26,E09000017,3,4,3,30,3,4,6,0,0,0,1,1,1,0,0,1,1,E01002443,201201TB00690,1,1,3,1,27,6,2,6,9,0,0,2,0,1,London
2015-01-08,2015215000260,386315.0,349576.0,-2.205567,53.043275,21,3,1,1,5,20:00,257,E06000021,4,5051,6,30,3,4,6,0,0,4,4,1,1,0,0,1,1,E01014250,2012130171774,1,1,1,2,34,6,3,0,0,0,0,0,9,1,Stoke-on-Trent
2015-01-08,201504SC15012,356130.0,418460.0,-2.665339,53.660776,4,3,2,2,5,14:30,73,E10000017,6,0,6,30,9,3,3,581,0,0,1,1,2,4,0,1,1,E01024970,201201YE80720,2,2,1,2,30,6,3,0,0,0,0,0,9,1,Chorley
2015-01-08,201560S003382,244214.0,379212.0,-4.338437,53.286915,60,3,1,2,5,01:12,720,W06000001,4,5111,6,30,0,-1,-1,0,0,0,4,2,2,0,0,2,1,W01000020,201242I093804,3,3,2,1,30,6,3,0,0,1,0,0,9,-1,
2015-01-08,201504SC15011,358700.0,417310.0,-2.626298,53.65065,4,3,2,1,5,11:48,73,E10000017,3,6,1,30,1,4,4,6288,0,0,1,1,1,0,0,1,1,E01024940,201201YE80720,1,1,1,1,42,7,3,0,0,0,0,0,3,1,Chorley
2015-01-08,2015460252368,555460.0,171570.0,0.234494,51.421827,46,3,3,1,5,08:29,532,E10000016,1,25,3,70,5,4,6,0,0,0,1,1,1,0,0,2,1,E01024173,201232N197912,1,1,1,1,24,5,3,0,0,0,0,0,19,1,Dartford
2015-01-08,201501JC30010,537350.0,192980.0,-0.017455,51.618892,1,3,2,2,5,20:30,13,E09000031,3,112,6,30,3,4,6,0,0,0,4,1,1,0,0,1,2,E01004452,201201FH10295,1,1,1,1,39,7,3,0,0,0,0,0,9,1,London
2015-01-08,201520K006275,400890.0,292550.0,-1.988311,52.530818,20,3,2,1,5,17:00,305,E08000028,3,4031,3,30,3,2,6,0,0,5,4,9,1,0,0,1,2,E01009947,201211SJ13832,2,1,1,1,22,5,3,0,0,0,0,0,9,1,Sandwell
2015-01-08,201543R145015,503795.0,178309.0,-0.506257,51.494207,43,3,3,1,5,19:02,473,E06000039,1,4,3,70,0,-1,-1,0,0,0,4,1,2,0,0,2,1,E01016481,2012233527212,1,1,1,1,21,5,3,0,0,0,0,0,1,1,
2015-01-08,2015331500031,457466.0,308021.0,-1.151688,52.666865,33,3,2,1,5,22:25,364,E06000016,3,563,1,40,1,4,6,1202,0,4,4,4,2,0,0,1,1,E01013601,2012160B05101,2,3,2,2,64,9,3,0,0,1,0,0,9,1,Leicester
2015-01-08,201501PY20023,543260.0,165270.0,0.056615,51.368428,1,3,2,1,5,22:12,19,E09000006,3,232,6,30,8,4,6,0,0,0,4,1,1,0,0,1,1,E01000756,201201LX50478,2,1,1,1,35,6,3,0,0,0,0,0,8,1,London
2015-01-08,201501BS70195,525850.0,178090.0,-0.188795,51.487764,1,3,4,2,5,18:20,12,E09000020,3,3220,2,30,6,4,6,0,0,1,4,1,1,0,0,1,1,E01002893,201197NE00908,2,2,1,1,48,8,3,0,0,0,0,0,9,-1,London
2015-01-08,2015460251661,614060.0,166830.0,1.07332,51.360189,46,2,2,1,5,06:55,531,E10000016,3,2990,6,60,8,4,6,0,0,0,1,2,2,0,0,2,2,E01024057,201232N113112,1,1,1,2,19,4,2,0,0,0,0,0,9,1,
2015-01-08,201550CH2M001,235409.0,100765.0,-4.336173,50.783037,50,3,1,1,5,07:36,588,E10000008,3,388,6,60,0,-1,-1,0,0,0,6,2,2,5,0,2,1,E01020286,2012360067454,2,1,1,1,29,6,2,0,0,0,0,0,5,-1,Torridge
2015-01-08,201501PL60014,535350.0,177220.0,-0.052383,51.477754,1,3,1,1,5,13:12,7,E09000023,3,2,6,30,0,-1,-1,0,0,0,1,1,2,0,0,1,1,E01003338,201201KG70119,2,1,1,1,17,4,3,0,0,0,0,0,2,1,London
2015-01-08,2015440007567,485836.0,133096.0,-0.775736,51.090763,44,3,1,1,5,07:10,497,E10000014,3,3,3,70,0,-1,-1,0,0,0,6,2,2,0,0,2,1,E01022585,201230C002327,1,1,1,1,33,6,3,0,0,0,0,0,9,-1,East Hampshire
2015-01-08,2015440007560,441100.0,114518.0,-1.416559,50.928657,44,2,2,1,5,08:15,500,E06000045,6,0,6,30,8,4,6,0,0,0,1,2,2,0,0,1,1,E01017252,201230C002326,1,1,1,1,42,7,3,0,0,0,0,0,9,2,Southampton
2015-01-08,201501PL60012,537540.0,176450.0,-0.021167,51.470307,1,3,1,1,5,18:23,7,E09000023,3,2210,6,30,3,4,6,0,0,0,4,1,1,0,0,1,1,E01033325,201201KG70117,2,1,1,1,38,7,3,0,0,0,0,0,9,1,London
2015-01-08,201520S008655,400030.0,277560.0,-2.000984,52.396058,20,3,2,1,5,08:59,300,E08000025,3,38,3,40,3,4,6,0,0,0,1,2,2,0,0,1,1,E01009165,2012120083356,1,1,1,1,52,8,3,0,0,0,0,0,21,1,Birmingham
2015-01-08,2015331500023,447121.0,329302.0,-1.301593,52.859153,33,3,4,2,5,07:47,366,E10000018,1,1,3,70,5,4,1,1,0,0,4,1,2,0,0,2,1,E01025925,2012160B05041,1,1,1,1,17,4,3,0,0,0,0,0,9,2,North West Leicestershire
2015-01-08,201501YR90027,534460.0,189460.0,-0.060521,51.587958,1,3,1,1,5,10:00,31,E09000014,3,503,6,30,3,2,3,503,0,5,1,2,2,0,0,1,2,E01002068,201201TX20121,2,2,2,1,14,3,3,0,0,1,0,0,9,-1,London
2015-01-08,201550DE2O001,294072.0,91672.0,-3.501781,50.714994,50,3,2,1,5,07:40,581,E10000008,6,0,1,30,2,4,6,0,0,0,4,2,2,0,0,1,1,E01020013,2012360068186,2,1,1,1,43,7,3,0,0,0,0,0,9,-1,Exeter
2015-01-08,2015440007556,469614.0,106262.0,-1.012455,50.851696,44,3,4,2,5,07:55,495,E10000014,2,3,3,70,0,-1,-1,0,0,0,7,2,2,0,0,2,1,E01032605,201230C002325,1,1,1,1,42,7,3,0,0,0,0,0,1,1,
2015-01-08,2015460251825,569420.0,169550.0,0.434121,51.399683,46,3,3,1,5,21:55,535,E10000016,3,2,3,70,5,4,3,289,0,0,4,1,1,0,0,2,1,E01024301,201232N131912,2,1,1,2,36,7,3,0,0,0,0,0,1,-1,Gravesham
2015-01-08,2015331500026,475385.0,286700.0,-0.89161,52.473037,33,3,2,1,5,10:50,363,E10000018,3,6,6,60,3,4,5,9408,0,0,1,1,2,0,0,2,1,E01025799,2012160B05061,1,2,2,2,54,8,3,0,0,1,0,0,9,1,Harborough
2015-01-08,201550BL2O001,234592.0,82435.0,-4.339538,50.618106,50,3,1,2,5,07:15,596,E06000052,3,388,6,60,0,-1,-1,0,0,0,6,2,2,0,0,2,1,E01018965,2012360066545,1,1,3,1,11,3,3,5,1,0,0,0,0,3,
2015-01-08,201542I004501,574438.0,193474.0,0.518008,51.613068,42,3,1,2,5,08:45,450,E10000012,6,0,6,30,0,-1,-1,0,0,1,1,2,2,0,0,1,2,E01021329,2012212005278,1,1,3,1,20,4,3,4,9,0,0,0,0,1,
2015-01-08,201531B003815,470158.0,379764.0,-0.948502,53.310178,31,3,2,1,5,13:00,341,E10000024,6,0,6,30,3,4,6,0,0,0,1,1,2,0,0,1,2,E01028019,201214B054012,1,1,1,1,61,9,3,0,0,0,0,0,5,1,Bassetlaw
2015-01-08,2015460251861,555810.0,175170.0,0.241107,51.454076,46,3,2,1,5,20:30,532,E10000016,3,206,1,60,1,2,6,0,0,0,4,1,1,0,0,2,1,E01024155,201232N138312,2,1,1,2,30,6,3,0,0,0,0,0,9,1,Dartford
2015-01-08,201550DE2L001,290809.0,91360.0,-3.547889,50.711585,50,3,2,1,5,17:28,581,E10000008,6,0,6,30,3,4,6,0,0,0,4,1,2,0,0,1,1,E01019977,2012360068147,2,1,2,2,56,9,3,0,0,1,0,0,9,-1,Exeter
2015-01-08,201501XH30285,508300.0,182210.0,-0.440192,51.528425,1,3,2,1,5,08:50,26,E09000017,6,0,6,30,0,-1,-1,0,0,0,1,9,2,0,0,1,2,E01002455,201201TB00685,2,1,1,2,30,6,2,0,0,0,0,0,1,1,London
2015-01-08,2015540473115,392053.0,173311.0,-2.115773,51.458718,54,3,1,1,5,13:45,635,E06000054,6,0,6,30,0,-1,-1,0,0,0,1,1,1,0,0,1,2,E01031912,20124100D0573,2,1,1,1,31,6,3,0,0,0,0,0,9,1,
2015-01-08,201542I003401,592054.0,184965.0,0.767483,51.530922,42,3,2,3,5,14:59,460,E06000033,6,0,6,30,3,4,6,0,0,0,1,1,2,0,0,1,1,E01015893,2012212005263,3,5,1,1,57,9,3,0,0,0,0,0,9,1,Southend-on-Sea
2015-01-08,201550BU2F001,220828.0,100035.0,-4.542447,50.772155,50,3,2,1,5,18:36,596,E06000052,3,39,6,60,3,4,6,0,0,0,6,1,2,0,0,2,1,E01018951,2012360066842,1,1,1,1,41,7,3,0,0,0,0,0,9,3,
2015-01-08,201501MM70113,533170.0,177580.0,-0.08362,51.481506,1,3,2,2,5,20:43,8,E09000028,6,0,6,30,3,4,6,0,0,0,4,1,1,0,0,1,1,E01004012,201201KF60109,1,1,1,1,27,6,3,0,0,0,0,0,1,1,London
2015-01-08,201501MM70019,533580.0,178460.0,-0.077387,51.489318,1,3,2,1,5,14:00,8,E09000028,4,203,6,30,3,4,6,0,0,0,1,1,1,0,0,1,1,E01004040,201201KF60057,1,1,1,1,47,8,3,0,0,0,0,0,5,-1,London
2015-01-08,201542I002901,579356.0,196949.0,0.59074,51.642737,42,3,2,1,5,15:10,454,E10000012,3,132,6,60,0,-1,-1,0,0,0,1,1,2,0,0,2,1,E01021594,2012212005263,2,1,2,2,8,2,3,0,0,0,0,0,90,-1,Chelmsford
2015-01-08,2015460251664,623960.0,167540.0,1.215733,51.36275,46,3,1,1,5,08:47,541,E10000016,3,299,3,70,0,-1,-1,0,0,0,1,2,2,0,0,2,1,E01024703,201232N113212,1,1,2,2,38,7,3,0,0,1,0,0,9,1,Canterbury
2015-01-08,2015520500982,352995.0,115709.0,-2.670354,50.938897,52,3,1,1,5,07:50,610,E10000027,3,3088,6,30,0,-1,-1,0,0,0,1,5,2,0,0,2,1,E01029159,2012370467512,1,2,1,2,39,7,3,0,0,0,0,0,9,3,South Somerset
2015-01-08,201543R056015,486997.0,177415.0,-0.748379,51.489001,43,3,2,1,5,08:27,474,E06000040,1,4,3,70,0,-1,-1,0,0,0,1,2,2,0,0,2,1,E01016578,2012233054612,1,1,1,1,47,8,3,0,0,0,0,0,9,1,
2015-01-08,201543N053015,482809.0,190177.0,-0.805684,51.604353,43,2,2,3,5,21:59,480,E10000002,4,482,6,50,3,4,6,814,0,0,6,1,2,0,0,2,1,E01017877,201222E204971,2,2,2,1,18,4,3,0,0,1,0,0,19,1,
2015-01-08,201542I015201,585071.0,207363.0,0.678758,51.734419,42,2,1,1,5,08:26,458,E10000012,6,0,6,30,0,-1,-1,0,0,1,1,2,2,0,0,1,1,E01021890,2012212005476,1,1,3,1,65,9,3,1,9,0,0,0,0,1,Maldon
2015-01-08,2015460251896,638110.0,167760.0,1.418764,51.358974,46,2,1,1,5,15:30,541,E10000016,6,4122,6,30,3,4,6,0,0,0,1,2,2,0,0,1,1,E01024690,201232N140412,1,4,2,2,14,3,3,0,0,0,4,0,11,3,Thanet
2015-01-08,2015555998945,368523.0,91376.0,-2.447269,50.72115,55,3,3,3,5,18:43,645,E10000009,4,3147,6,60,0,-1,-1,0,0,0,6,4,1,0,0,2,1,E01020509,201242I062603,2,3,2,2,65,9,3,0,0,1,0,0,9,-1,
2015-01-08,201542I014901,571228.0,205651.0,0.477656,51.723437,42,3,2,1,5,05:20,454,E10000012,3,1114,1,30,1,4,6,0,0,0,4,8,2,0,0,1,1,E01021577,2012212005470,2,1,1,1,35,6,3,0,0,0,0,0,19,1,Chelmsford
2015-01-08,201520K001375,399740.0,292010.0,-2.005263,52.525964,20,3,2,1,5,07:45,305,E08000028,3,4196,1,30,1,4,3,41,0,0,7,2,2,0,0,1,2,E01010103,201211SC31562,1,1,1,1,76,11,2,0,0,0,0,0,9,2,Sandwell
2015-01-08,2015555998940,368510.0,91386.0,-2.447454,50.721239,55,1,2,2,5,18:42,645,E10000009,4,3147,6,60,0,-1,-1,0,0,0,6,4,1,0,0,2,1,E01020509,201242I062603,2,2,1,2,41,7,3,0,0,0,0,0,9,1,
2015-01-08,2015555997576,405373.0,95515.0,-1.92519,50.759205,55,3,2,1,5,07:44,640,E06000028,3,348,1,40,1,4,6,0,0,4,4,2,2,0,0,1,1,E01015308,201242I036502,1,1,1,1,38,7,3,0,0,0,0,0,9,1,
2015-01-08,2015555998937,414441.0,97518.0,-1.796551,50.777064,55,2,1,1,5,14:25,641,E10000009,5,137,6,60,0,-1,-1,0,0,0,1,1,2,0,0,2,1,E01020365,201242I062603,1,1,1,2,76,11,3,0,0,0,0,0,9,1,
2015-01-08,2015555998928,387578.0,108111.0,-2.177909,50.872363,55,2,3,5,5,09:46,642,E10000009,3,350,6,60,0,-1,-1,0,0,0,1,1,5,0,0,2,1,E01020442,201242I062503,2,1,1,1,48,8,2,0,0,0,0,0,1,1,
2015-01-08,201506N096165,380210.0,410000.0,-2.300416,53.586207,6,3,2,2,5,16:50,101,E08000002,3,56,6,30,3,4,6,0,0,0,4,1,2,0,0,1,2,E01005027,201204CL12004,1,1,1,1,11,3,3,0,0,0,0,0,90,1,Bury
2015-01-08,2015132181418,417014.0,435104.0,-1.743093,53.811948,13,3,1,1,5,21:25,200,E08000032,3,6176,6,30,3,4,6,0,0,0,4,1,2,0,0,1,1,E01010602,201206F066533,1,5,2,2,41,7,3,0,0,2,0,0,9,3,Bradford
2015-01-08,2015132181029,436361.0,428354.0,-1.450078,53.750293,13,3,2,1,5,17:15,204,E08000035,3,642,6,30,9,4,3,642,0,4,4,1,1,0,0,1,2,E01011635,201206F066533,1,1,1,2,41,7,3,0,0,0,0,0,9,3,Leeds
2015-01-08,2015215000320,391615.0,335338.0,-2.126142,52.915397,21,3,1,1,5,10:00,255,E10000028,3,520,6,50,0,-1,-1,0,0,0,1,1,1,0,0,2,1,E01029683,2012130172768,2,2,1,1,26,6,3,0,0,0,0,0,9,1,Stafford
2015-01-08,201534WD00835,464331.0,279385.0,-1.055727,52.408697,34,3,2,3,5,17:30,381,E10000021,3,5199,6,60,3,4,5,44,0,0,6,1,1,0,0,2,1,E01027026,2012170M10292,1,1,1,2,60,9,3,0,0,0,0,0,9,1,
2015-01-08,201563AC00515,250630.0,200580.0,-4.162078,51.684057,63,3,2,1,5,06:15,751,W06000010,3,484,6,30,0,-1,-1,0,0,0,4,1,1,0,0,1,2,W01000653,201243N028082,1,1,1,2,18,4,3,0,0,0,0,0,9,1,
2015-01-08,201501TX20238,518740.0,178360.0,-0.291058,51.491727,1,2,1,1,5,13:13,25,E09000018,1,4,3,60,0,-1,-1,0,0,0,1,1,2,0,0,1,1,E01002566,201201RG40386,1,1,3,1,12,3,3,5,3,0,0,2,0,1,London
2015-01-08,2015460251919,560100.0,168880.0,0.299958,51.396368,46,3,1,1,5,08:00,532,E10000016,6,1652,6,30,8,4,6,0,0,0,1,2,2,0,0,1,1,E01024158,201232N143112,1,2,1,2,56,9,2,0,0,0,0,0,9,1,Dartford
2015-01-08,201501ZD30130,533620.0,168420.0,-0.080598,51.399084,1,3,2,1,5,10:00,20,E09000008,6,0,6,30,6,4,6,0,0,0,1,1,1,0,0,1,1,E01001144,201201VK30230,1,1,3,2,15,3,3,5,3,0,0,2,0,1,London
2015-01-08,201501WW50063,527580.0,176620.0,-0.164422,51.474166,1,3,2,1,5,15:25,10,E09000032,3,3031,2,30,3,4,6,0,0,0,1,1,1,0,0,1,1,E01004577,201201SX20712,1,1,1,1,62,9,3,0,0,0,0,0,5,1,London
2015-01-08,2015100192815,419629.0,567318.0,-1.694687,55.000053,10,3,2,1,5,17:45,147,E08000021,4,6324,6,30,2,4,6,1279,0,8,4,2,2,0,0,1,2,E01008445,201205AA06335,2,1,1,1,31,6,2,0,0,0,0,0,1,-1,Newcastle upon Tyne
2015-01-08,201506G096048,394480.0,397480.0,-2.084632,53.474021,6,3,2,2,5,20:30,110,E08000008,5,0,6,30,6,4,6,0,0,0,4,1,1,0,0,1,1,E01006011,201204BB12044,1,1,1,2,21,5,3,0,0,0,0,0,9,1,Tameside
2015-01-08,201550AH2R001,166353.0,26799.0,-5.26819,50.095237,50,3,3,2,5,13:00,596,E06000052,6,0,6,30,3,4,6,0,0,0,1,1,1,0,0,1,1,E01018886,2012360065724,1,1,1,1,19,4,3,0,0,0,0,0,9,1,
2015-01-08,2015170L20275,453885.0,520840.0,-1.16785,54.579903,17,3,2,2,5,17:25,241,E06000003,3,66,3,50,0,-1,-1,0,0,0,4,1,2,0,0,2,1,E01012170,2012100449312,1,1,1,2,39,7,3,0,0,0,0,0,9,1,
2015-01-08,201501ZD30131,532660.0,164210.0,-0.09596,51.361475,1,3,2,1,5,16:30,20,E09000008,4,275,6,30,3,4,6,0,0,0,4,1,1,0,0,1,1,E01001037,201201VK30231,1,1,1,2,18,4,3,0,0,0,0,0,9,1,London
2015-01-08,201501KF60035,539260.0,183910.0,0.006523,51.536922,1,3,2,1,5,17:10,17,E09000025,4,165,6,30,3,2,3,112,0,5,4,1,1,0,0,1,2,E01003636,201201HT20732,1,1,1,1,38,7,3,0,0,0,0,0,3,1,London
2015-01-08,201520T003185,414230.0,284140.0,-1.792022,52.45503,20,3,2,1,5,08:00,300,E08000025,3,45,3,30,0,-1,-1,0,0,4,1,2,2,0,0,1,2,E01009316,2012120120411,1,1,2,2,20,4,3,0,0,1,0,0,9,2,Birmingham
2015-01-08,2015555997580,413388.0,93179.0,-1.811642,50.73807,55,3,1,1,5,08:55,640,E06000028,3,35,6,30,0,-1,-1,0,0,0,1,1,1,0,0,1,2,E01015318,201242I036602,1,1,1,1,25,5,3,0,0,0,0,0,9,1,
2015-01-08,201543R198015,485293.0,160872.0,-0.77689,51.340547,43,3,2,1,5,14:00,470,E06000036,3,321,6,30,8,4,6,0,0,0,1,1,1,0,0,1,1,E01016199,2012233648412,2,1,1,1,31,6,3,0,0,0,0,0,9,1,
2015-01-08,201514A002215,461150.0,404769.0,-1.078833,53.536021,14,3,2,2,5,12:29,211,E08000017,6,0,6,40,8,4,6,0,0,0,1,1,1,0,0,2,1,E01007650,2012070095932,2,1,1,1,25,5,3,0,0,0,0,0,9,1,Doncaster
2015-01-08,201501JC30086,538670.0,188850.0,-3.2e-05,51.581457,1,3,2,1,5,15:35,13,E09000031,3,104,6,30,3,4,4,160,0,1,4,1,1,0,0,1,1,E01004363,201201FH10359,1,1,1,1,27,6,3,0,0,0,0,0,5,1,no city
2015-01-08,2015132180987,430019.0,435534.0,-1.545552,53.815228,13,3,2,1,5,16:59,204,E08000035,6,0,6,30,3,4,6,0,0,4,4,1,1,0,0,1,1,E01011670,201206F066439,1,1,1,1,28,6,3,0,0,0,0,0,9,1,Leeds
2015-01-08,2015132180711,426456.0,427823.0,-1.600324,53.746116,13,2,1,1,5,14:16,204,E08000035,6,0,6,30,6,4,6,0,0,0,1,1,1,0,0,1,1,E01011541,201206F066380,2,1,1,2,42,7,3,0,0,0,0,0,9,1,Leeds
2015-01-08,201501JC30087,537700.0,195420.0,-0.011444,51.640732,1,3,2,1,5,17:20,13,E09000031,3,112,6,30,3,4,6,0,0,0,4,1,1,0,0,1,1,E01004349,201201FH10360,2,1,1,2,33,6,3,0,0,0,0,0,1,1,London
2015-01-08,201520K001905,395510.0,291900.0,-2.067609,52.524955,20,3,1,1,5,15:20,305,E08000028,3,457,6,30,0,-1,-1,0,0,4,1,1,1,0,0,1,1,E01010066,201211SJ00052,1,1,1,2,31,6,3,0,0,0,0,0,10,1,Sandwell
2015-01-08,2015132180646,408198.0,414217.0,-1.877525,53.624426,13,3,2,1,5,14:05,203,E08000034,6,0,6,30,0,-1,-1,0,0,0,1,1,2,0,0,1,1,E01011073,201206F066361,2,1,2,2,56,9,3,0,0,1,0,0,9,2,Kirklees
2015-01-08,201563DP00415,310780.0,291520.0,-3.316165,52.514237,63,3,1,1,5,10:42,753,W06000023,4,4568,6,30,0,-1,-1,0,0,1,1,1,1,0,0,1,1,W01000480,201243N181112,1,1,1,1,38,7,3,0,0,0,0,0,9,1,
2015-01-08,201501WW50042,523640.0,173990.0,-0.222042,51.451404,1,3,1,1,5,12:05,10,E09000032,3,219,3,30,0,-1,-1,0,0,0,1,2,2,0,0,1,1,E01004572,201201SX20690,2,1,1,2,23,5,3,0,0,0,0,0,4,1,London
2015-01-08,2015450021159,506413.0,138375.0,-0.480464,51.134771,45,2,1,2,5,22:31,517,E10000030,6,186,6,30,3,4,4,2128,0,0,4,1,2,0,0,1,1,E01030876,201231C242512,5,3,1,2,26,6,3,0,0,0,0,0,9,1,Waverley
2015-01-08,201534WD00475,463056.0,259900.0,-1.078114,52.233694,34,3,2,1,5,16:20,381,E10000021,3,45,6,30,0,-1,-1,0,0,0,1,1,2,0,0,2,1,E01027025,2012170M10242,1,1,2,2,85,11,3,0,0,0,1,0,11,1,
2015-01-08,201514A003315,464140.0,405618.0,-1.033553,53.543296,14,3,2,1,5,09:19,211,E08000017,3,630,1,60,1,4,6,0,0,0,1,1,1,0,0,2,1,E01007557,2012070096837,2,1,1,1,30,6,3,0,0,0,0,0,1,1,Doncaster
2015-01-08,201501JC30085,538900.0,188740.0,0.003242,51.580412,1,3,2,2,5,11:15,13,E09000031,3,114,6,30,8,4,6,0,0,0,1,2,2,0,0,2,1,E01004362,201201FH10358,1,1,3,1,64,9,2,1,1,0,0,2,0,1,London
2015-01-08,2015132180457,426536.0,427737.0,-1.599118,53.745339,13,2,1,1,5,11:15,204,E08000035,6,0,6,30,0,-1,-1,0,0,0,1,1,2,0,0,1,1,E01011541,201206F066246,1,1,1,1,78,11,2,0,0,0,0,0,90,1,Leeds
2015-01-08,201514A003215,465039.0,405361.0,-1.020042,53.540876,14,3,3,1,5,17:12,211,E08000017,1,18,7,70,0,-1,-1,0,0,0,6,1,2,0,0,2,1,E01007479,2012070096657,1,2,2,1,45,7,2,0,0,1,0,0,9,1,Doncaster
2015-01-08,201501JC30084,539320.0,194730.0,0.011678,51.634134,1,3,2,1,5,19:48,13,E09000031,3,1069,6,30,3,4,5,0,0,0,4,1,1,0,0,1,1,E01004352,201201FH10357,1,1,1,1,27,6,3,0,0,0,0,0,19,1,London
2015-01-08,2015331500013,462540.0,311805.0,-1.075952,52.700317,33,1,1,1,5,12:34,362,E10000018,6,4144,6,30,3,4,6,4125,0,0,1,1,2,0,0,1,2,E01025759,2012160B04971,2,2,1,2,27,6,3,0,0,0,0,0,9,2,Charnwood
2015-01-08,2015331500032,461139.0,311659.0,-1.096708,52.699164,33,3,2,1,5,12:45,362,E10000018,3,46,3,70,1,2,3,46,0,0,1,1,2,0,0,2,1,E01025758,2012160B05111,1,1,1,1,33,6,3,0,0,0,0,0,19,1,Charnwood
2015-01-08,2015132180365,414674.0,416944.0,-1.779485,53.648797,13,2,1,1,5,10:27,203,E08000034,3,62,3,40,0,-1,-1,0,0,0,1,1,1,0,0,1,1,E01011107,201206F066243,1,1,3,2,72,10,3,10,9,0,0,0,0,1,Kirklees
2015-01-08,201514A002315,457990.0,401766.0,-1.12706,53.50939,14,3,3,1,5,12:43,211,E08000017,3,6182,3,40,0,-1,-1,0,0,0,1,1,2,0,0,2,1,E01007534,2012070095996,2,1,1,1,25,5,3,0,0,0,0,0,9,1,Doncaster