Date,Accident_Index_x,Location_Easting_OSGR,Location_Northing_OSGR,Longitude,Latitude,Police_Force,Accident_Severity,Number_of_Vehicles,Number_of_Casualties,Day_of_Week,Time,Local_Authority_(District),Local_Authority_(Highway),1st_Road_Class,1st_Road_Number,Road_Type,Speed_limit,Junction_Detail,Junction_Control,2nd_Road_Class,2nd_Road_Number,Pedestrian_Crossing-Human_Control,Pedestrian_Crossing-Physical_Facilities,Light_Conditions,Weather_Conditions,Road_Surface_Conditions,Special_Conditions_at_Site,Carriageway_Hazards,Urban_or_Rural_Area,Did_Police_Officer_Attend_Scene_of_Accident,LSOA_of_Accident_Location,Accident_Index_y,Vehicle_Reference,Casualty_Reference,Casualty_Class,Sex_of_Casualty,Age_of_Casualty,Age_Band_of_Casualty,Casualty_Severity,Pedestrian_Location,Pedestrian_Movement,Car_Passenger,Bus_or_Coach_Passenger,Pedestrian_Road_Maintenance_Worker,Casualty_Type,Casualty_Home_Area_Type,city
2015-01-08,201501GD10126,534180.0,183550.0,-0.066814,51.534916,1,3,2,1,5,20:55,4,E09000012,5,0,6,30,3,4,6,0,0,0,5,5,2,0,0,1,1,E01001775,201201CW11758,1,1,3,1,55,8,3,5,1,0,0,2,0,1,London
2015-01-08,201543P029015,453654.0,203130.0,-1.224627,51.724332,43,3,3,1,5,08:22,482,E10000025,3,4142,3,30,1,2,3,4142,0,0,1,2,2,0,0,1,1,E01028576,201222G200511,1,3,2,1,2,1,3,0,0,2,0,0,9,1,Oxford
2015-01-08,2015120004113,503117.0,486893.0,-0.418208,54.267308,12,3,2,1,5,17:35,186,E10000023,6,510,6,30,8,4,6,0,1,1,4,1,1,0,0,1,1,E01027825,201205FF04893,1,1,3,1,10,2,3,5,1,0,0,0,0,-1,
2015-01-08,201543P028015,427046.0,194587.0,-1.610488,51.649431,43,3,1,1,5,06:47,483,E10000025,4,4019,6,60,0,-1,-1,0,0,0,6,2,2,5,0,2,1,E01028715,201222G200496,1,1,1,1,33,6,3,0,0,0,0,0,19,2,Vale of White Horse
2015-01-08,201520J001085,393400.0,285850.0,-2.098586,52.470544,20,3,2,1,5,08:25,303,E08000027,3,4100,6,30,3,4,6,0,0,0,1,5,2,0,0,1,1,E01009865,201211NI21692,1,1,2,2,68,10,3,0,0,1,0,0,9,3,
2015-01-08,201520M004705,436160.0,276150.0,-1.470177,52.382196,20,3,2,1,5,17:23,302,E08000026,4,4110,6,30,5,4,6,0,0,0,4,1,1,0,0,1,1,E01009541,2012120014570,1,2,2,1,19,4,2,0,0,1,0,0,9,1,Coventry
2015-01-08,201501VK30034,517950.0,167290.0,-0.306117,51.392399,1,3,1,1,5,11:30,23,E09000021,4,3370,6,30,0,-1,-1,0,0,0,1,2,2,0,0,1,1,E01002987,201201RY10356,1,1,1,2,42,7,3,0,0,0,0,0,9,1,London
2015-01-08,2015440007552,445065.0,119130.0,-1.359576,50.969831,44,2,1,1,5,08:25,491,E10000014,3,335,6,30,3,4,6,0,0,1,1,2,2,0,0,1,1,E01022668,201230C002323,1,1,3,2,44,7,3,6,9,0,0,0,0,1,Eastleigh
2015-01-08,2015120004194,403102.0,490996.0,-1.953821,54.314546,12,3,1,1,5,20:00,184,E10000023,5,34,6,60,0,-1,-1,0,0,0,6,1,4,0,0,2,1,E01027744,201205FF04904,1,1,1,1,30,6,3,0,0,0,0,0,9,1,Richmondshire
2015-01-08,2015440007506,435839.0,113272.0,-1.491537,50.917803,44,3,1,1,5,07:02,496,E10000014,3,36,6,30,8,4,6,0,0,0,7,1,1,0,0,1,2,E01023077,201230C002322,1,1,1,1,33,6,2,0,0,0,0,0,5,1,New Forest
2015-01-08,2015440007503,441994.0,113420.0,-1.403965,50.91872,44,3,1,1,5,08:00,500,E06000045,3,33,6,30,3,2,6,0,0,5,1,2,2,0,0,1,1,E01017196,201230C002321,2,1,1,1,48,8,2,0,0,0,0,0,2,1,Southampton
2015-01-08,201520J000835,394420.0,288170.0,-2.083611,52.491413,20,2,1,1,5,07:01,303,E08000027,3,459,6,30,7,4,6,0,0,0,4,2,2,0,0,1,1,E01009842,201211NI21302,1,2,2,1,26,6,3,0,0,2,0,0,9,3,
2015-01-08,2015471500157,509692.0,133061.0,-0.435231,51.086387,47,2,2,1,5,08:30,562,E10000032,3,281,6,60,0,-1,-1,0,0,0,1,2,2,0,0,2,2,E01031675,201234WD30862,1,1,1,1,28,6,3,0,0,0,0,0,5,1,Horsham
2015-01-08,2015100017815,421146.0,562285.0,-1.671343,54.954764,10,3,2,1,5,11:50,146,E08000020,3,1,3,50,5,4,3,1,0,0,1,1,1,0,0,2,2,E01008262,201205AA01022,2,1,1,1,50,8,3,0,0,0,0,0,11,1,Gateshead
2015-01-08,2015320001335,510123.0,320444.0,-0.369152,52.770371,32,3,2,1,5,19:35,355,E10000019,6,0,6,30,0,-1,-1,0,0,0,4,1,1,0,0,1,1,E01026297,201214K200412,2,1,1,1,22,5,2,0,0,0,0,0,3,1,South Kesteven
2015-01-08,2015360087283,623182.0,306961.0,1.295259,52.614532,36,3,1,1,5,08:15,404,E10000020,5,820,6,30,3,4,5,819,0,0,1,8,1,0,0,1,2,E01026818,201220K007682,2,3,2,2,59,9,3,0,0,1,0,0,9,1,Norwich
2015-01-08,201501CP00015,531620.0,181230.0,-0.104568,51.51467,48,3,2,1,5,14:45,570,E09000001,3,201,6,30,3,2,5,0,0,5,1,1,1,0,0,1,2,E01032740,201197QB06409,1,1,3,2,11,3,2,2,4,0,0,0,0,-1,
2015-01-08,201520J001685,395790.0,283910.0,-2.063378,52.453128,20,3,1,1,5,13:00,303,E08000027,6,0,6,30,0,-1,-1,0,0,0,1,1,1,0,0,1,2,E01009739,201211NI23732,2,1,1,1,37,7,2,0,0,0,0,0,9,1,
2015-01-08,2015320001547,509305.0,323977.0,-0.380093,52.802284,32,3,2,1,5,18:10,355,E10000019,3,15,6,40,3,4,5,338,0,0,4,1,1,0,0,2,1,E01026341,201214K202212,2,2,1,1,55,8,2,0,0,0,0,0,5,1,South Kesteven
2015-01-08,2015405DA0115,507587.0,219882.0,-0.438858,51.867151,40,3,2,1,5,11:40,424,E06000056,5,219,6,60,3,4,5,216,0,0,1,1,2,0,0,2,1,E01017562,201220W041402,2,1,1,1,26,6,3,0,0,0,0,0,1,1,
2015-01-08,2015100007615,428536.0,580923.0,-1.554098,55.121876,10,3,1,1,5,16:57,139,E06000048,3,189,3,70,0,-1,-1,0,0,0,6,1,2,0,0,2,1,E01027425,2012050483912,2,4,2,2,20,4,3,0,0,1,0,0,9,1,
2015-01-08,2015100017015,398774.0,556935.0,-2.02065,54.907129,10,3,1,1,5,17:42,139,E06000048,5,270,6,60,0,-1,-1,0,0,0,6,1,2,0,7,2,1,E01027505,2012050668113,2,2,2,1,10,2,3,0,0,2,0,0,9,-1,
2015-01-08,2015120004188,430671.0,472943.0,-1.531897,54.151398,12,3,2,1,5,19:30,182,E10000023,3,6108,6,60,8,4,6,0,0,0,1,1,1,0,0,2,1,E01027667,201205FF04900,2,1,1,1,41,7,2,0,0,0,0,0,1,1,Ripon
2015-01-08,201543W023015,480286.0,168815.0,-0.846964,51.412681,43,3,1,1,5,09:00,475,E06000041,6,7515,6,20,0,-1,-1,0,0,0,1,1,2,0,0,1,1,E01016625,201230C000387,2,1,1,1,52,8,3,0,0,0,0,0,1,1,
2015-01-08,201543P021015,432168.0,197263.0,-1.536214,51.673222,43,1,3,2,5,17:49,483,E10000025,3,420,6,50,6,4,6,0,0,0,6,1,1,0,0,2,1,E01028737,201222G200330,1,1,3,1,70,10,3,6,9,0,0,0,0,-1,Vale of White Horse
2015-01-08,201501VK30026,520840.0,167190.0,-0.264634,51.390893,1,3,2,1,5,12:53,23,E09000021,3,3,3,50,0,-1,-1,0,0,0,1,2,2,0,0,1,1,E01002975,201201RY10350,1,1,1,1,19,4,3,0,0,0,0,0,3,1,London
2015-01-08,2015100070615,439185.0,557030.0,-1.390397,54.906457,10,3,1,1,5,13:35,150,E08000024,3,1231,3,30,0,-1,-1,0,0,4,1,1,1,0,0,1,1,E01008703,201205AA02661,1,1,3,1,8,2,2,5,1,0,0,0,0,1,Sunderland
2015-01-08,201543P057015,447265.0,236711.0,-1.312529,52.026807,43,3,2,1,5,07:10,481,E10000025,3,4260,6,30,3,4,6,0,0,0,4,2,2,0,0,2,1,E01028422,201222G202183,1,2,2,1,20,4,3,0,0,1,0,0,9,3,Cherwell
2015-01-08,201504EF15007,381130.0,425300.0,-2.287454,53.723759,4,3,3,2,5,08:25,82,E10000017,3,682,6,30,3,4,6,0,0,1,1,1,2,0,0,1,1,E01025361,201201XH30185,1,2,2,1,23,5,3,0,0,1,0,0,9,1,Rossendale
2015-01-08,201506M096170,379320.0,394020.0,-2.3128,53.442541,6,3,2,1,5,19:47,112,E08000009,3,5181,6,40,0,-1,-1,0,0,0,4,1,1,0,0,1,1,E01006179,201204CJ12144,2,1,1,2,27,6,3,0,0,0,0,0,1,1,Trafford
2015-01-08,2015471500132,561620.0,102471.0,0.292083,50.799267,47,2,1,1,5,13:15,551,E10000011,4,2191,6,40,1,4,3,22,0,0,1,1,2,0,0,2,1,E01020927,201234WD27972,2,1,1,2,54,8,3,0,0,0,0,0,9,1,Eastbourne
2015-01-08,2015471500131,532817.0,123200.0,-0.108848,50.992881,47,3,2,1,5,08:15,563,E10000032,6,0,6,30,0,-1,-1,0,0,0,1,2,2,0,0,1,2,E01031749,201234WD27842,1,1,1,2,22,5,3,0,0,0,0,0,9,3,Mid Sussex
2015-01-08,2015120003954,436374.0,494630.0,-1.44196,54.345925,12,3,2,3,5,12:20,181,E10000023,4,6271,6,30,3,4,6,2613,0,0,1,1,1,0,0,1,1,E01027611,201205FF04865,1,1,1,2,61,9,3,0,0,0,0,0,9,1,Hambleton
2015-01-08,2015471500128,513988.0,103046.0,-0.383308,50.815754,47,3,2,1,5,08:30,564,E10000032,6,0,6,30,3,4,6,0,0,0,1,2,2,0,0,1,2,E01031810,201234WD27772,1,1,1,1,24,5,3,0,0,0,0,0,21,1,
2015-01-08,201501RY10003,549470.0,174080.0,0.149469,51.44599,1,3,2,1,5,16:35,18,E09000004,6,0,6,30,3,4,6,0,0,0,1,1,1,0,0,1,2,E01000447,201201PY20276,1,1,1,1,58,9,3,0,0,0,0,0,9,1,London
2015-01-08,20154100A0014,536950.0,211580.0,-0.01593,51.786125,41,3,2,2,5,16:30,432,E10000015,3,10,3,70,0,-1,-1,0,0,0,4,1,2,0,0,2,1,E01023469,201220Z001212,1,1,2,2,27,6,3,0,0,1,0,0,9,-1,East Hertfordshire
2015-01-08,2015100007715,421121.0,587330.0,-1.669887,55.179817,10,3,1,4,5,15:52,139,E06000048,3,197,1,60,1,4,4,1337,0,0,1,1,2,0,0,2,1,E01027463,2012050504312,1,1,1,1,34,6,3,0,0,0,0,0,19,1,
2015-01-08,2015471500127,533338.0,118399.0,-0.103187,50.949612,47,3,3,2,5,12:56,554,E10000011,4,2112,6,60,0,-1,-1,0,0,0,1,1,2,4,0,2,1,E01021026,201234WD27552,2,1,1,2,45,7,2,0,0,0,0,0,1,-1,Lewes
2015-01-08,2015300011599,433640.0,334590.0,-1.501261,52.907695,30,3,2,2,5,07:40,323,E06000015,3,5111,6,40,7,2,3,5250,0,5,4,2,2,0,0,1,1,E01013546,2012130491746,2,1,2,2,49,8,3,0,0,2,0,0,9,1,Derby
2015-01-08,2015100010515,427287.0,590572.0,-1.572757,55.208648,10,3,2,1,5,09:25,139,E06000048,3,1068,1,60,1,4,3,189,0,0,1,1,2,0,0,2,1,E01027445,2012050571912,1,3,2,2,30,6,3,0,0,0,3,0,11,1,
2015-01-08,20154100A0030,537910.0,222110.0,0.002171,51.880507,41,3,3,1,5,17:50,432,E10000015,3,10,3,70,0,-1,-1,0,0,0,6,1,2,0,0,2,1,E01023507,201220Z001232,1,3,2,1,29,6,3,0,0,1,0,0,9,1,East Hertfordshire
2015-01-08,201506J096016,389110.0,383990.0,-2.165064,53.352681,6,3,1,1,5,09:02,109,E08000007,3,5102,6,30,0,-1,-1,0,0,0,1,1,2,0,0,1,1,E01005925,201204BC12031,1,1,1,2,63,9,3,0,0,0,0,0,9,1,
2015-01-08,2015320001148,495019.0,388160.0,-0.572971,53.381752,32,3,2,1,5,07:15,356,E10000019,4,1398,6,50,0,-1,-1,0,0,0,7,2,2,0,0,2,1,E01026399,201214K198612,1,1,1,1,23,5,2,0,0,0,0,0,9,1,West Lindsey
2015-01-08,201506K096075,369310.0,407080.0,-2.464776,53.559435,6,3,1,1,5,15:47,100,E08000001,3,6145,6,30,3,4,6,0,0,0,1,1,2,0,0,1,1,E01004900,201204CA12023,2,1,1,1,58,9,3,0,0,0,0,0,1,-1,Bolton
2015-01-08,2015471500126,560455.0,102216.0,0.275454,50.797299,47,3,2,1,5,12:50,551,E10000011,6,0,6,30,3,4,6,0,0,1,1,1,2,0,0,1,1,E01020922,201234WD27502,2,2,2,1,26,6,3,0,0,1,0,0,19,1,Eastbourne
2015-01-08,2015051500071,334361.0,395031.0,-2.989786,53.447936,5,3,1,1,5,14:50,93,E08000014,3,567,6,30,0,-1,-1,0,0,4,1,1,2,0,0,1,1,E01007009,201201ZD30656,1,1,1,1,26,6,3,0,0,0,0,0,5,1,Liverpool
2015-01-08,2015471500125,509180.0,106306.0,-0.45056,50.845985,47,3,2,1,5,11:40,558,E10000032,3,280,6,60,3,4,6,0,0,0,1,2,2,0,0,2,1,E01031426,201234WD27502,2,1,1,1,25,5,3,0,0,0,0,0,19,1,Arun
2015-01-08,2015471500124,478894.0,107032.0,-0.880486,50.857429,47,3,1,2,5,09:43,559,E10000032,3,27,3,70,0,-1,-1,0,0,0,1,2,5,0,0,2,1,E01031543,201234WD26602,2,1,1,1,44,7,3,0,0,0,0,0,3,-1,Chichester
2015-01-08,201501RY10018,546200.0,173980.0,0.102407,51.445944,1,3,1,1,5,18:00,18,E09000004,6,0,6,30,0,-1,-1,0,0,0,1,1,1,0,0,1,2,E01000350,201201PY20290,1,1,3,2,13,3,2,5,1,0,0,2,0,1,London
2015-01-08,2015051500070,334173.0,416084.0,-2.997054,53.637115,5,3,2,2,5,16:30,93,E08000014,6,0,6,30,6,2,3,5267,0,0,4,1,1,0,0,1,1,E01006994,201201ZD30655,1,1,3,1,13,3,3,5,1,0,0,2,0,1,
2015-01-08,201501RY10009,546320.0,172800.0,0.103645,51.43531,1,3,2,1,5,16:23,18,E09000004,3,222,6,30,0,-1,-1,0,0,0,1,1,1,0,0,1,1,E01000462,201201PY20284,1,1,1,2,23,5,3,0,0,0,0,0,9,1,London
2015-01-08,201504EF15023,378990.0,421970.0,-2.319658,53.693747,4,3,1,2,5,10:15,82,E10000017,3,56,3,70,0,-1,-1,0,0,0,1,3,4,0,0,1,1,E01025365,201201XH30197,1,1,1,2,23,5,3,0,0,0,0,0,9,1,Rossendale
2015-01-08,2015100008715,433833.0,562351.0,-1.473239,54.954661,10,3,1,1,5,07:00,149,E08000023,3,19,3,70,0,-1,-1,0,0,0,6,1,1,0,0,2,1,E01008628,2012050521112,1,1,3,1,22,5,3,8,7,0,0,0,0,-1,South Tyneside
2015-01-08,2015471500140,531630.0,105077.0,-0.132284,50.830271,47,3,2,1,5,19:13,565,E06000043,3,270,6,20,3,1,6,0,0,4,4,1,2,0,0,1,2,E01016894,201234WD28412,1,1,1,2,80,11,3,0,0,0,0,0,9,3,Brighton
2015-01-08,2015120004205,429727.0,454382.0,-1.548164,53.984641,12,2,2,1,5,18:00,182,E10000023,4,6162,6,30,0,-1,-1,0,0,5,4,1,2,0,0,1,1,E01027679,201205FF04904,2,3,2,1,19,4,3,0,0,1,0,0,9,1,
2015-01-08,2015471500142,539307.0,102288.0,-0.024399,50.803411,47,3,2,1,5,15:00,554,E10000011,6,0,6,30,3,4,6,0,0,0,1,1,1,0,0,1,2,E01021027,201234WD28722,1,1,1,2,71,10,2,0,0,0,0,0,9,3,Lewes
2015-01-08,2015320001306,532496.0,388103.0,-0.009894,53.37318,32,3,1,1,5,15:44,351,E10000019,6,0,6,30,0,-1,-1,0,0,0,1,1,1,0,0,1,1,E01026077,201214K199212,2,1,1,2,37,7,3,0,0,0,0,0,9,3,East Lindsey
2015-01-08,2015471500139,494519.0,105706.0,-0.658896,50.843169,47,3,4,1,5,16:47,558,E10000032,3,29,6,30,8,4,6,0,0,0,4,1,2,0,0,2,1,E01031397,201234WD28392,1,1,3,1,19,4,2,5,3,0,0,0,0,1,Arun
2015-01-08,2015471500138,529329.0,105301.0,-0.16486,50.832803,47,3,2,1,5,19:30,565,E06000043,4,2120,6,30,3,4,6,0,0,0,4,1,1,0,0,1,1,E01016871,201234WD28372,2,2,2,2,56,9,3,0,0,1,0,0,9,1,
2015-01-08,2015320001324,518195.0,308826.0,-0.253739,52.664274,32,3,1,1,5,19:36,355,E10000019,4,1166,6,60,0,-1,-1,0,0,0,6,1,2,0,0,2,1,E01026304,201214K199512,2,2,1,1,20,4,3,0,0,0,0,0,9,1,South Kesteven
2015-01-08,2015471500135,532059.0,105648.0,-0.12599,50.835306,47,3,3,1,5,16:20,565,E06000043,3,270,6,20,3,4,6,0,0,0,1,1,2,0,0,1,1,E01016890,201234WD28352,2,1,1,1,48,8,3,0,0,0,0,0,3,3,Brighton
2015-01-08,201522F500195,345500.0,319380.0,-2.809218,52.76925,22,3,2,1,5,16:00,286,E06000051,4,5067,6,60,0,-1,-1,0,0,0,6,1,2,0,0,2,2,E01028971,2012130347575,1,1,1,2,38,7,3,0,0,0,0,0,9,1,
2015-01-08,2015320001326,540993.0,333338.0,0.093682,52.879035,32,2,1,1,5,15:24,354,E10000019,6,0,6,60,0,-1,-1,0,0,0,1,9,1,0,0,2,2,E01026248,201214K200212,1,1,1,1,21,5,3,0,0,0,0,0,9,1,South Holland
2015-01-08,2015100013015,430763.0,580600.0,-1.519216,55.118841,10,3,1,1,5,16:30,139,E06000048,6,9516,6,30,6,4,6,9516,0,0,1,1,2,0,0,1,2,E01027429,2012050610412,1,2,3,2,90,11,3,5,1,0,0,0,0,1,
2015-01-08,20154100A0007,533830.0,212220.0,-0.060888,51.79263,41,3,3,2,5,08:10,432,E10000015,4,1197,6,40,0,-1,-1,0,0,0,1,5,2,0,0,2,1,E01023476,201220Z001152,3,2,1,1,27,6,3,0,0,0,0,0,9,1,East Hertfordshire
2015-01-08,201550JI3G001,256336.0,51779.0,-4.020601,50.348354,50,3,3,1,5,11:50,584,E10000008,3,379,6,60,0,-1,-1,0,0,0,1,1,2,0,0,2,2,E01020190,2012370267412,2,4,2,1,12,3,3,0,0,2,0,0,9,3,South Hams
2015-01-08,2015320001314,506057.0,347378.0,-0.420622,53.013211,32,3,3,1,5,17:01,353,E10000019,3,17,3,70,0,-1,-1,0,0,0,6,8,1,0,0,2,1,E01026229,201214K199512,1,1,1,2,26,6,3,0,0,0,0,0,9,1,North Kesteven
2015-01-08,201520M001555,436770.0,278620.0,-1.460945,52.40436,20,3,2,2,5,18:30,302,E08000026,3,4082,6,30,3,2,3,428,0,0,4,1,1,0,0,1,2,E01009611,2012120009060,2,1,1,2,60,9,3,0,0,0,0,0,9,3,Coventry
2015-01-08,2015350022715,519240.0,298830.0,-0.241898,52.574227,35,3,1,1,5,12:25,394,E06000031,6,0,6,30,3,4,5,51,0,1,1,2,2,0,0,1,2,E01015602,201220G002372,2,2,1,2,33,6,3,0,0,0,0,0,9,1,Peterborough
2015-01-08,2015100012215,430873.0,567133.0,-1.518943,54.997823,10,3,1,1,5,08:00,148,E08000022,4,1315,6,30,0,-1,-1,0,0,0,1,1,1,0,0,1,2,E01008576,2012050604612,1,1,1,1,18,4,3,0,0,0,0,0,5,1,North Tyneside
2015-01-08,201520S007405,404520.0,285350.0,-1.934896,52.466073,20,3,2,1,5,18:30,300,E08000025,4,4124,6,30,3,4,6,0,0,0,4,8,2,0,0,1,2,E01008992,2012120082461,1,2,2,2,55,8,2,0,0,0,0,0,5,1,Birmingham
2015-01-08,201501VW40005,529530.0,169060.0,-0.139124,51.405783,1,3,1,2,5,15:29,22,E09000024,4,272,6,30,3,4,6,0,0,1,1,1,1,0,0,1,1,E01003415,201201SX20195,2,1,1,1,52,8,3,0,0,0,0,0,19,1,London
2015-01-09,2015471500184,542498.0,135137.0,0.033701,51.097839,47,2,1,1,6,15:16,556,E10000011,4,2110,1,30,1,4,3,22,0,4,1,1,2,0,0,1,1,E01021167,201234WD33452,2,1,2,2,33,6,3,0,0,1,0,0,9,1,Wealden
2015-01-09,2015471500183,528394.0,135767.0,-0.167384,51.10683,47,3,2,1,6,18:52,560,E10000032,6,0,6,30,3,4,6,0,0,0,4,1,1,0,0,1,1,E01031562,201234WD32732,2,2,1,2,38,7,3,0,0,0,0,0,9,3,
2015-01-09,2015100166515,425444.0,563305.0,-1.604142,54.96373,10,3,2,1,6,17:15,146,E08000020,6,4228,6,30,3,4,6,4237,0,0,4,1,2,0,0,1,2,E01008166,201205AA05724,1,1,1,1,65,9,2,0,0,0,0,0,1,3,Gateshead
2015-01-09,2015471500166,557729.0,105158.0,0.238068,50.824482,47,3,2,1,6,10:28,556,E10000011,3,27,6,40,0,-1,-1,0,0,0,1,9,2,0,0,2,1,E01021214,201234WD31422,1,1,1,1,22,5,3,0,0,0,0,0,19,3,Wealden
2015-01-09,201501HT20011,537560.0,178510.0,-0.020078,51.488814,1,3,2,1,6,01:50,5,E09000030,3,1206,6,30,6,4,6,0,0,0,4,2,2,0,0,1,1,E01004276,201201EK40674,2,1,1,2,42,7,3,0,0,0,0,0,9,1,London
2015-01-09,2015471500167,562712.0,102813.0,0.307717,50.802034,47,3,2,1,6,18:01,551,E10000011,4,2104,6,30,3,4,6,0,0,0,4,5,2,0,0,1,1,E01020929,201234WD31562,1,1,2,2,18,4,3,0,0,1,0,0,9,1,Eastbourne
2015-01-09,201501MM70112,535300.0,175030.0,-0.05394,51.458086,1,3,1,1,6,02:00,8,E09000028,5,0,6,30,0,-1,-1,0,0,0,4,5,2,0,0,1,1,E01004020,201201KF60108,1,1,3,1,70,10,3,10,9,0,0,2,0,1,London
2015-01-09,2015215000293,389101.0,351397.0,-2.164075,53.059708,21,3,1,1,6,18:00,257,E06000021,6,0,6,30,3,4,6,0,0,0,4,1,2,0,0,1,3,E01014331,2012130172551,1,1,1,2,26,6,3,0,0,0,0,0,9,2,Stoke-on-Trent
2015-01-09,201501RG40075,537930.0,176760.0,-0.015435,51.472998,1,3,2,1,6,19:20,6,E09000011,3,2,6,30,6,2,3,2211,0,5,4,1,1,0,0,1,1,E01001644,201201PL60563,1,1,1,1,25,5,2,0,0,0,0,0,1,1,London
2015-01-09,2015331500051,458108.0,307106.0,-1.142357,52.658572,33,3,1,1,6,11:50,364,E06000016,6,1202,6,30,2,4,6,1319,0,1,1,4,1,0,0,1,1,E01013604,2012160C00091,1,1,1,1,78,11,3,0,0,0,0,0,4,1,Leicester
2015-01-09,2015471500170,483610.0,105200.0,-0.813916,50.840297,47,2,2,1,6,06:12,559,E10000032,6,0,6,30,8,4,6,0,0,0,7,1,2,0,0,1,1,E01031505,201234WD31892,2,1,2,2,72,10,3,0,0,1,0,0,9,1,Chichester
2015-01-09,2015471500174,574373.0,107187.0,0.47512,50.837942,47,3,1,1,6,14:19,555,E10000011,4,2182,6,30,0,-1,-1,0,0,0,1,4,1,0,0,1,1,E01021091,201234WD32532,1,1,2,2,83,11,2,0,0,1,0,0,9,2,Rother
2015-01-09,201501HT20013,537850.0,180990.0,-0.014936,51.511029,1,3,2,1,6,21:33,5,E09000030,3,13,6,30,0,-1,-1,0,0,0,4,1,2,0,0,1,1,E01004257,201201EK40676,1,1,1,1,39,7,3,0,0,0,0,0,1,1,London
2015-01-09,2015215000285,421112.0,303536.0,-1.689523,52.629174,21,3,2,1,6,16:20,258,E10000028,3,51,1,30,1,4,3,51,0,0,7,1,1,0,0,1,2,E01029838,2012130172195,2,2,2,2,38,7,3,0,0,2,0,0,9,1,Tamworth
2015-01-09,2015215000281,405790.0,317150.0,-1.915657,52.751935,21,3,2,2,6,17:12,250,E10000028,3,51,6,50,0,-1,-1,0,0,0,4,4,1,0,0,1,1,E01029345,2012130171971,1,1,1,1,17,4,2,0,0,0,0,0,2,-1,Cannock Chase
2015-01-09,2015215000259,398156.0,310048.0,-2.028717,52.688117,21,3,2,1,6,10:50,250,E10000028,3,34,6,30,3,2,3,4601,0,4,1,1,1,0,0,1,1,E01029360,2012130171588,1,1,1,1,51,8,2,0,0,0,0,0,3,1,Cannock Chase
2015-01-09,201560S004144,302061.0,377807.0,-3.470635,53.288148,60,3,3,1,6,16:50,723,W06000004,6,0,6,30,3,4,6,0,0,0,1,1,1,4,0,2,1,W01000223,201242I094304,2,1,1,1,24,5,3,0,0,0,0,0,9,2,
2015-01-09,201534NE00915,495822.0,268061.0,-0.596148,52.302321,34,2,2,1,6,12:25,382,E10000021,3,5028,6,30,3,4,4,645,0,0,1,1,1,0,0,1,2,E01027062,2012170H10712,1,1,1,1,43,7,3,0,0,0,0,0,9,1,
2015-01-09,201520G001035,390090.0,302730.0,-2.147822,52.622242,20,3,2,4,6,15:43,309,E08000031,6,0,6,30,3,4,6,0,0,0,1,1,1,0,0,1,1,E01010496,201211ND17222,4,5,2,2,93,11,3,0,0,1,0,0,9,1,Wolverhampton
2015-01-09,201506F096132,372570.0,403560.0,-2.415254,53.527978,6,2,1,1,6,22:50,107,E08000006,3,6,6,30,3,4,6,0,0,0,5,1,1,0,0,1,1,E01005706,201204BA12060,2,2,2,1,19,4,3,0,0,2,0,0,9,1,Salford
2015-01-09,201542I025201,607679.0,223267.0,1.01522,51.869301,42,3,2,2,6,13:07,461,E10000012,3,133,6,60,3,4,6,0,0,0,1,1,1,0,0,2,1,E01022053,2012212005611,1,1,3,1,27,6,3,5,2,0,0,0,0,1,
2015-01-09,201543P061015,443502.0,236960.0,-1.367339,52.029352,43,3,2,1,6,07:00,481,E10000025,3,361,6,50,0,-1,-1,0,0,0,6,1,2,0,0,2,1,E01028474,201222G202481,1,2,2,2,48,8,3,0,0,1,0,0,9,1,Cherwell
2015-01-09,201543P062015,457530.0,224130.0,-1.165038,51.912739,43,3,2,2,6,08:22,481,E10000025,3,4095,6,50,3,4,6,0,0,0,1,1,1,0,0,1,1,E01028460,201222G202534,1,1,1,2,41,7,3,0,0,0,0,0,9,1,Cherwell
2015-01-09,201543P063015,472392.0,196933.0,-0.954676,51.666521,43,2,2,1,6,15:18,484,E10000025,1,40,3,70,0,-1,-1,0,0,0,1,1,2,0,0,2,1,E01028679,201222G202558,2,4,2,1,58,9,3,0,0,2,0,0,9,1,South Oxfordshire
2015-01-09,201563BC04315,243920.0,246800.0,-4.279989,52.097463,63,3,2,1,6,08:15,750,W06000008,4,4459,6,60,0,-1,-1,0,0,0,1,1,2,0,0,2,2,W01000522,201243N111032,2,1,1,1,59,9,3,0,0,0,0,0,1,3,
2015-01-09,2015405BA0017,503608.0,244206.0,-0.48929,52.086518,40,2,2,1,6,16:10,420,E06000055,4,530,6,40,0,-1,-1,0,0,0,1,1,1,0,0,2,1,E01017516,201220T032182,1,1,1,1,14,3,3,0,0,0,0,0,1,1,