Date,Accident_Index_x,Location_Easting_OSGR,Location_Northing_OSGR,Longitude,Latitude,Police_Force,Accident_Severity,Number_of_Vehicles,Number_of_Casualties,Day_of_Week,Time,Local_Authority_(District),Local_Authority_(Highway),1st_Road_Class,1st_Road_Number,Road_Type,Speed_limit,Junction_Detail,Junction_Control,2nd_Road_Class,2nd_Road_Number,Pedestrian_Crossing-Human_Control,Pedestrian_Crossing-Physical_Facilities,Light_Conditions,Weather_Conditions,Road_Surface_Conditions,Special_Conditions_at_Site,Carriageway_Hazards,Urban_or_Rural_Area,Did_Police_Officer_Attend_Scene_of_Accident,LSOA_of_Accident_Location,Accident_Index_y,Vehicle_Reference,Casualty_Reference,Casualty_Class,Sex_of_Casualty,Age_of_Casualty,Age_Band_of_Casualty,Casualty_Severity,Pedestrian_Location,Pedestrian_Movement,Car_Passenger,Bus_or_Coach_Passenger,Pedestrian_Road_Maintenance_Worker,Casualty_Type,Casualty_Home_Area_Type,city
2015-01-09,2015051500075,329655.0,392240.0,-3.060007,53.422245,5,2,2,2,6,20:29,95,E08000015,6,0,6,30,3,4,6,0,0,0,4,4,2,0,0,1,1,E01007312,201201ZD30660,1,1,3,1,30,6,3,4,3,0,0,2,0,1,
2015-01-09,201543P070015,446269.0,202807.0,-1.331578,51.722084,43,3,2,1,6,16:15,483,E10000025,3,420,6,50,8,4,6,0,0,0,6,8,2,0,0,2,2,E01028711,201222G202704,2,3,2,2,34,6,3,0,0,2,0,0,9,1,Vale of White Horse
2015-01-09,2015051500073,346513.0,392813.0,-2.806459,53.429378,5,3,2,2,6,23:00,90,E08000011,6,0,6,30,9,4,6,0,0,4,4,4,1,0,0,1,1,E01006463,201201ZD30658,1,2,2,1,42,7,3,0,0,1,0,0,9,1,Knowsley
2015-01-09,2015051500072,339513.0,385167.0,-2.910329,53.359902,5,1,1,2,6,21:05,91,E08000012,3,561,3,30,0,-1,-1,0,0,4,4,1,2,0,0,1,1,E01006688,201201ZD30658,1,1,1,2,-1,-1,3,0,0,0,0,0,9,-1,Liverpool
2015-01-09,201543W239015,475454.0,172977.0,-0.915544,51.45076,43,3,2,1,6,09:30,475,E06000041,6,7517,6,30,8,4,6,0,0,4,1,4,2,0,0,1,2,E01016687,201230C002004,2,1,1,1,46,8,2,0,0,0,0,0,1,-1,
2015-01-09,201520G000705,390930.0,299780.0,-2.135332,52.595737,20,3,4,3,6,15:42,309,E08000031,6,0,6,30,3,4,6,0,0,0,1,1,1,0,0,1,1,E01010526,201211ND16992,2,1,1,2,46,8,3,0,0,0,0,0,9,3,Wolverhampton
2015-01-09,201563CP00815,200360.0,220480.0,-4.899811,51.847126,63,3,2,2,6,08:45,752,W06000009,6,0,6,60,3,4,6,0,0,0,1,8,2,0,0,2,1,W01000623,201243N138082,1,1,1,2,35,6,3,0,0,0,0,0,9,1,
2015-01-09,201501EK40155,529320.0,183630.0,-0.136815,51.536768,1,3,2,1,6,08:13,2,E09000007,3,400,2,30,6,2,6,0,0,5,1,1,2,0,0,1,1,E01000959,201201BS70391,2,1,1,1,42,7,3,0,0,0,0,0,9,3,London
2015-01-09,201501EK40152,525540.0,185690.0,-0.190552,51.556134,1,3,2,1,6,07:38,2,E09000007,6,0,6,30,6,4,6,0,0,0,7,1,1,0,0,1,1,E01000878,201201BS70388,1,1,1,2,33,6,2,0,0,0,0,0,1,1,London
2015-01-09,2015051500086,336366.0,392197.0,-2.959028,53.422712,5,3,1,1,6,19:15,91,E08000012,6,0,6,20,0,-1,-1,0,0,0,4,2,2,0,0,1,1,E01006563,201201ZD30667,2,1,1,1,40,7,3,0,0,0,0,0,1,1,Liverpool
2015-01-09,201501EK40148,526770.0,184120.0,-0.173385,51.54175,1,3,2,2,6,06:44,2,E09000007,4,509,6,30,6,2,4,525,0,5,1,1,1,0,0,1,1,E01000963,201201BS70385,2,1,1,1,32,6,3,0,0,0,0,0,3,1,London
2015-01-09,201501LX50021,530230.0,177880.0,-0.125824,51.484886,1,3,1,1,6,11:20,9,E09000022,3,3036,6,30,0,-1,-1,0,0,0,1,1,1,0,0,1,2,E01033208,201201JI40341,1,1,1,1,20,4,2,0,0,0,0,0,9,1,London
2015-01-09,201501EK40096,526720.0,184210.0,-0.174073,51.54257,1,2,2,1,6,06:50,2,E09000007,3,41,3,40,0,-1,-1,0,0,0,7,1,1,0,0,1,2,E01000963,201201BS70340,1,1,3,2,29,6,3,5,3,0,0,2,0,-1,London
2015-01-09,2015100006615,431540.0,568495.0,-1.508368,55.01002,10,3,2,1,6,20:15,148,E08000022,5,218,6,30,1,4,6,2057,0,1,4,4,2,0,0,1,1,E01008468,2012050483912,1,1,1,1,25,5,3,0,0,0,0,0,9,1,North Tyneside
2015-01-09,2015320002491,512588.0,369573.0,-0.315542,53.211304,32,3,1,1,6,15:30,356,E10000019,5,503,6,30,3,4,6,0,0,0,1,1,1,0,0,2,2,E01026366,201214K208412,1,1,1,1,37,7,3,0,0,0,0,0,9,1,West Lindsey
2015-01-09,2015075013564,340191.0,376338.0,-2.898475,53.280628,7,2,1,1,6,13:15,130,E06000050,3,5032,6,30,3,4,6,0,0,0,1,1,2,0,0,1,2,E01018520,201204DL12046,2,2,1,2,35,6,3,0,0,0,0,0,9,1,
2015-01-09,201543W037015,475606.0,171666.0,-0.913636,51.438954,43,2,2,2,6,18:12,475,E06000041,3,329,6,40,3,4,6,7504,0,0,4,4,2,0,0,1,1,E01016669,201230C000424,2,1,3,2,28,6,3,10,9,0,0,0,0,1,
2015-01-09,201501QK50028,517170.0,184550.0,-0.311606,51.547687,1,3,2,1,6,15:00,28,E09000005,3,4005,6,30,3,2,3,4090,0,5,1,1,1,0,0,1,2,E01000475,201201MM70741,2,1,1,2,23,5,3,0,0,0,0,0,1,1,London
2015-01-09,201543R065015,492819.0,170843.0,-0.666271,51.429001,43,3,2,1,6,08:40,474,E06000040,3,332,6,60,3,4,6,7413,0,0,1,1,1,0,0,2,1,E01016524,2012233067412,2,1,1,2,57,9,3,0,0,0,0,0,9,3,
2015-01-09,2015460251720,623100.0,136860.0,1.184319,51.087645,46,3,1,1,6,11:05,539,E10000016,6,3909,3,30,0,-1,-1,0,0,0,1,1,1,0,0,1,1,E01024500,201232N116712,2,1,2,1,8,2,3,0,0,1,0,0,9,3,Folkestone and Hythe
2015-01-09,201543P044015,452559.0,205338.0,-1.240146,51.744286,43,3,3,2,6,23:01,482,E10000025,3,4158,6,30,6,4,6,0,0,8,4,4,1,0,0,1,1,E01028586,201222G201470,2,3,2,2,34,6,3,0,0,1,0,0,9,1,Oxford
2015-01-09,201501GD10001,533260.0,183320.0,-0.080158,51.533067,1,2,1,2,6,21:40,4,E09000012,6,0,6,30,3,4,6,0,0,0,7,9,1,0,0,1,2,E01001755,201201CW11647,2,1,1,1,29,6,3,0,0,0,0,0,1,1,London
2015-01-09,2015460251741,554500.0,173990.0,0.221753,51.443832,46,2,1,1,6,14:53,532,E10000016,3,226,6,30,6,2,6,0,0,5,1,4,1,0,0,1,1,E01024164,201232N118912,1,1,3,1,36,7,3,6,9,0,0,2,0,2,Dartford
2015-01-09,2015051500092,346755.0,392127.0,-2.802702,53.423237,5,3,1,1,6,23:00,90,E08000011,6,0,6,30,3,4,6,0,0,0,4,9,1,0,2,1,1,E01006464,201201ZD30672,2,1,1,1,17,4,3,0,0,0,0,0,3,1,Knowsley
2015-01-09,2015051500089,357272.0,397362.0,-2.645166,53.471247,5,3,2,1,6,17:40,92,E08000013,3,599,6,30,3,4,6,0,0,0,4,5,2,0,0,1,1,E01006836,201201ZD30671,3,1,1,1,33,6,3,0,0,0,0,0,9,1,St Helens
2015-01-09,2015471500227,491865.0,101410.0,-0.697656,50.804974,47,3,2,1,6,08:16,558,E10000032,6,0,9,30,3,4,6,0,0,0,1,9,2,0,0,2,2,E01031401,201234WN01192,1,1,1,1,21,5,3,0,0,0,0,0,9,1,Arun
2015-01-09,2015051500088,338229.0,401659.0,-2.932861,53.507972,5,3,1,1,6,15:35,93,E08000014,6,0,6,30,0,-1,-1,0,0,0,1,5,2,0,0,1,1,E01007099,201201ZD30670,1,1,1,1,53,8,3,0,0,0,0,0,4,1,Liverpool
2015-01-09,201501ZT80041,527860.0,165370.0,-0.164448,51.373,1,3,2,1,6,12:30,21,E09000029,4,277,6,30,3,4,6,0,0,0,1,1,1,0,0,1,1,E01004164,201201WW50186,1,1,1,1,26,6,3,0,0,0,0,0,1,1,London
2015-01-09,201550JS2Q001,278484.0,60568.0,-3.712308,50.432352,50,3,1,1,6,13:00,584,E10000008,6,0,6,30,3,4,6,0,0,0,1,2,2,0,0,2,1,E01020182,2012370332812,1,1,2,2,75,10,2,0,0,0,4,0,11,-1,South Hams
2015-01-09,201563CP01515,181670.0,225040.0,-5.173609,51.881065,63,3,2,2,6,09:06,752,W06000009,6,0,6,60,6,4,6,0,0,0,1,1,2,0,0,2,1,W01000618,201243N139032,2,1,1,1,42,7,3,0,0,0,0,0,20,-1,St Davids
2015-01-09,2015051500069,331850.0,384938.0,-3.025404,53.35691,5,2,2,1,6,16:55,95,E08000015,6,0,6,30,1,4,6,0,0,0,4,1,2,0,0,1,1,E01007116,201201ZD30654,1,1,1,1,29,6,3,0,0,0,0,0,9,1,
2015-01-09,201501MM70108,532100.0,179040.0,-0.098474,51.494877,1,3,2,1,6,20:50,8,E09000028,3,201,6,30,3,4,6,0,0,0,4,4,1,0,0,1,2,E01032720,201201KF60106,1,4,2,1,13,3,3,0,0,2,0,0,9,1,London
2015-01-09,2015460251833,575093.0,171389.0,0.516498,51.414482,46,3,3,3,6,17:11,544,E06000035,3,289,3,70,1,4,3,228,0,0,4,4,1,0,0,2,1,E01016146,201232N136112,1,1,1,1,20,4,3,0,0,0,0,0,90,-1,
2015-01-09,201504SC15006,354080.0,422230.0,-2.696918,53.694482,4,3,1,2,6,17:20,83,E10000017,6,0,6,30,2,4,6,0,0,0,4,5,2,0,0,1,1,E01025422,201201YE80716,1,1,2,2,56,9,3,0,0,1,0,0,9,1,South Ribble
2015-01-09,2015215000407,393071.0,342146.0,-2.104637,52.976617,21,3,1,1,6,16:35,257,E06000021,3,520,6,30,0,-1,-1,0,0,8,4,5,2,0,0,1,1,E01014316,2012130175585,1,1,1,1,19,4,3,0,0,0,0,0,9,1,Stoke-on-Trent
2015-01-09,201501TX20008,511500.0,175080.0,-0.396332,51.463719,1,3,2,1,6,14:30,25,E09000018,6,0,6,30,3,4,6,0,0,0,1,1,1,0,0,1,1,E01002589,201201RG40197,1,1,1,1,81,11,3,0,0,0,0,0,9,1,London
2015-01-09,201550DE2A002,290485.0,95327.0,-3.553656,50.747185,50,3,1,1,6,11:49,580,E10000008,6,0,6,60,0,-1,-1,0,0,0,1,4,2,0,0,2,1,E01019903,2012360067849,3,1,1,2,24,5,3,0,0,0,0,0,9,2,Exeter
2015-01-09,201550CT2F001,243278.0,116137.0,-4.231224,50.923346,50,3,1,1,6,16:41,588,E10000008,3,388,6,60,0,-1,-1,0,0,0,6,5,2,0,0,2,1,E01020296,2012360067726,1,1,1,2,58,9,2,0,0,0,0,0,9,3,Torridge
2015-01-09,201550CT2C001,241353.0,113713.0,-4.257536,50.901039,50,3,2,1,6,17:19,588,E10000008,3,388,6,60,0,-1,-1,0,0,0,6,5,2,0,0,2,1,E01020301,2012360067719,2,1,1,1,38,7,3,0,0,0,0,0,5,2,Torridge
2015-01-09,2015160D00201,507193.0,427512.0,-0.376545,53.732993,16,3,2,1,6,08:15,228,E06000010,3,1166,1,30,1,4,6,0,0,0,1,1,1,0,0,1,2,E01012889,2012100297912,1,1,1,1,29,6,3,0,0,0,0,0,9,1,Hull
2015-01-09,201537EA87055,619625.0,241629.0,1.20018,52.029562,37,3,2,2,6,19:40,412,E10000029,6,0,1,30,1,4,6,0,0,0,4,1,1,0,0,1,1,E01033127,201220N027182,1,2,3,2,4,1,3,7,9,0,0,0,0,1,
2015-01-09,201537EA87070,564603.0,263588.0,0.409611,52.245858,37,3,2,1,6,14:30,411,E10000029,3,1304,6,30,8,4,6,0,0,0,1,1,1,0,0,1,2,E01029925,201220N027182,1,3,3,2,21,5,3,7,9,0,0,0,0,1,West Suffolk
2015-01-09,2015170M20045,452519.0,517298.0,-1.189612,54.548219,17,3,2,1,6,07:00,243,E06000002,4,1380,6,40,3,4,5,118,0,0,4,1,1,0,0,1,1,E01012082,2012100509412,2,2,1,2,33,6,3,0,0,0,0,0,9,1,
2015-01-09,2015170M20015,451229.0,519761.0,-1.209125,54.570483,17,3,1,1,6,17:30,243,E06000002,6,0,6,30,3,4,6,0,0,0,4,4,1,0,0,1,2,E01012058,2012100509312,1,1,3,1,11,3,3,5,4,0,0,0,0,-1,
2015-01-09,2015160D00311,511949.0,430658.0,-0.303344,53.760259,16,2,2,1,6,08:55,228,E06000010,3,165,6,30,3,4,6,0,0,0,1,1,1,0,0,1,1,E01012902,2012100300012,2,1,1,1,29,6,2,0,0,0,0,0,3,-1,Hull
2015-01-09,2015215000309,384920.0,341740.0,-2.226005,52.972798,21,3,9,1,6,14:50,255,E10000028,1,6,3,70,0,-1,-1,0,0,0,1,1,2,0,0,2,1,E01029748,2012130172768,1,1,1,2,57,9,3,0,0,0,0,0,9,1,Stafford
2015-01-09,2015460251832,576051.0,167813.0,0.528487,51.382062,46,3,2,3,6,16:03,544,E06000035,6,0,6,30,3,4,6,0,0,4,1,1,1,0,0,1,2,E01016110,201232N134912,2,1,1,2,44,7,3,0,0,0,0,0,3,-1,
2015-01-09,2015621500065,313482.0,176000.0,-3.247159,51.47632,62,3,2,3,6,17:22,741,W06000015,3,48,3,30,6,2,6,0,0,0,4,5,2,0,0,1,1,W01001708,201242I256308,1,1,1,1,42,7,2,0,0,0,0,0,1,1,Cardiff
2015-01-09,2015621500062,287968.0,206487.0,-3.624147,51.745845,62,3,4,2,6,21:43,743,W06000012,4,4242,6,30,0,-1,-1,0,0,0,4,5,2,0,0,2,1,W01000926,201242I256008,1,1,1,1,46,8,3,0,0,0,0,0,5,3,
2015-01-09,2015621500054,308002.0,190111.0,-3.329736,51.602297,62,3,1,1,6,14:10,744,W06000016,3,4054,6,30,0,-1,-1,0,0,0,1,5,2,0,0,1,1,W01001258,201242I255508,2,7,2,2,17,4,3,0,0,1,0,0,9,1,
2015-01-09,2015051500068,326933.0,381824.0,-3.098547,53.328267,5,3,2,2,6,16:55,95,E08000015,6,0,6,30,5,4,3,540,0,5,1,5,2,0,0,1,1,E01007182,201201ZD30653,1,1,1,1,21,5,3,0,0,0,0,0,9,1,
2015-01-09,2015051500067,337042.0,390375.0,-2.948493,53.406419,5,3,2,1,6,16:50,91,E08000012,3,5089,6,30,9,4,6,0,0,0,4,2,2,0,0,1,1,E01033763,201201ZD30652,2,1,2,2,12,3,3,0,0,1,0,0,9,1,Liverpool
2015-01-09,2015051500064,334688.0,390528.0,-2.983928,53.407507,5,3,1,1,6,12:10,91,E08000012,6,0,6,30,7,2,6,0,0,5,1,2,2,0,0,1,1,E01033760,201201ZD30651,1,1,1,2,33,6,3,0,0,0,0,0,9,1,Liverpool
2015-01-09,201543R066015,492373.0,170281.0,-0.672831,51.424021,43,1,2,3,6,08:40,474,E06000040,3,332,6,60,0,-1,-1,0,0,0,1,1,2,0,0,2,1,E01016524,2012233069212,2,2,1,2,61,9,3,0,0,0,0,0,9,3,
2015-01-09,20151319C0493,445949.0,431172.0,-1.304271,53.774865,13,3,2,2,6,18:55,204,E08000035,4,1222,6,60,5,4,3,63,0,0,6,4,2,0,0,2,1,E01011299,201206F064203,2,1,1,2,42,7,2,0,0,0,0,0,4,1,Selby
2015-01-09,201520G000475,392460.0,299220.0,-2.112732,52.590727,20,2,2,1,6,05:18,309,E08000031,3,4124,6,30,3,4,6,0,0,0,4,1,2,0,0,1,1,E01010473,201211ND16682,2,2,2,1,69,10,3,0,0,1,0,0,9,1,Wolverhampton
2015-01-09,2015460251819,560220.0,172680.0,0.303397,51.430475,46,3,3,1,6,16:36,532,E10000016,3,2,3,70,0,-1,-1,0,0,0,1,1,2,0,0,2,1,E01024157,201232N129412,2,1,1,1,45,7,3,0,0,0,0,0,20,1,Dartford
2015-01-09,201563CP01815,217460.0,215130.0,-4.649029,51.804932,63,3,1,1,6,13:00,752,W06000009,6,0,6,60,0,-1,-1,0,0,0,1,5,2,0,0,2,1,W01000577,201243N140032,2,1,1,2,22,5,3,0,0,0,0,0,1,1,
2015-01-09,201531B001715,466416.0,367837.0,-1.007138,53.203466,31,3,2,1,6,11:20,345,E10000024,6,0,2,30,0,-1,-1,0,0,0,1,1,1,0,0,2,2,E01028341,201214B053612,4,2,1,1,43,7,3,0,0,0,0,0,9,1,Newark and Sherwood
2015-01-09,2015471500163,531339.0,104027.0,-0.136789,50.8209,47,3,1,1,6,16:15,565,E06000043,3,23,2,20,6,2,4,2118,0,5,1,5,2,0,0,1,1,E01016952,201234WD31082,2,2,2,2,15,3,3,0,0,1,0,0,9,-1,Brighton
2015-01-09,2015621500047,311694.0,175043.0,-3.272658,51.46744,62,3,2,1,6,13:53,741,W06000015,3,4232,3,70,0,-1,-1,0,0,0,1,4,1,0,0,1,1,W01001745,201242I255408,2,1,1,1,58,9,3,0,0,0,0,0,9,2,Cardiff
2015-01-09,2015621500048,297766.0,189504.0,-3.477304,51.595074,62,2,3,1,6,21:10,744,W06000016,4,4564,6,30,3,4,6,0,0,0,4,5,2,0,0,2,1,W01000976,201242I255508,1,1,1,1,20,4,2,0,0,0,0,0,9,1,
2015-01-09,201501YE80103,535260.0,193530.0,-0.047412,51.62434,1,3,3,1,6,18:08,32,E09000010,4,137,6,30,3,4,6,0,0,0,4,1,1,0,0,1,1,E01033146,201201TB01276,1,1,3,1,42,7,2,5,1,0,0,2,0,1,London
2015-01-09,2015621500049,310462.0,203671.0,-3.297705,51.724584,62,3,1,1,6,18:45,742,W06000024,6,0,6,60,0,-1,-1,0,0,0,6,5,2,0,0,2,1,W01001360,201242I255508,1,3,2,1,31,6,2,0,0,2,0,0,9,1,
2015-01-09,2015621500051,300783.0,191750.0,-3.4344,51.615803,62,3,1,2,6,17:30,744,W06000016,3,4058,6,30,0,-1,-1,0,0,0,1,5,2,0,0,2,1,W01001232,201242I255508,1,5,2,1,21,5,3,0,0,2,0,0,9,1,
2015-01-09,201501XH30287,510840.0,181230.0,-0.4039,51.519125,1,3,1,1,6,15:41,26,E09000017,6,0,6,30,0,-1,-1,0,0,0,1,1,1,0,0,1,1,E01002396,201201TB00686,1,1,1,1,26,6,2,0,0,0,0,0,4,1,London
2015-01-09,2015460251824,576510.0,137800.0,0.520289,51.11231,46,2,1,1,6,21:32,543,E10000016,3,262,6,60,0,-1,-1,0,0,0,6,4,2,0,0,2,1,E01024787,201232N130812,1,1,1,1,34,6,3,0,0,0,0,0,5,-1,Tunbridge Wells
2015-01-09,2015471500160,528378.0,106230.0,-0.178032,50.841364,47,3,2,1,6,14:20,565,E06000043,3,2023,1,20,1,4,6,0,0,0,1,1,1,0,0,1,2,E01016980,201234WD31052,2,1,1,2,43,7,3,0,0,0,0,0,9,2,
2015-01-09,201501PL60022,536200.0,176570.0,-0.040401,51.471709,1,3,2,2,6,08:25,7,E09000023,6,0,6,30,3,4,6,0,0,0,1,1,2,0,0,1,1,E01003340,201201KG70124,1,1,1,1,-1,-1,3,0,0,0,0,0,9,-1,London
2015-01-09,2015215000246,420376.0,318363.0,-1.699483,52.762489,21,3,2,1,6,05:50,251,E10000028,3,38,3,70,5,4,3,38,0,0,4,4,1,0,0,2,1,E01029441,2012130171520,1,3,2,1,21,5,3,0,0,1,0,0,9,-1,East Staffordshire
2015-01-09,201550AC3F004,169889.0,40546.0,-5.227141,50.220056,50,2,3,2,6,17:30,596,E06000052,4,3297,6,40,0,-1,-1,0,0,0,6,5,2,0,0,2,1,E01018914,2012360065578,1,2,2,2,15,3,3,0,0,0,4,0,11,2,
2015-01-09,201501WW50041,526260.0,175090.0,-0.183964,51.460712,1,3,1,1,6,16:40,10,E09000032,3,214,3,30,0,-1,-1,0,0,0,4,1,1,0,0,1,1,E01004510,201201SX20689,2,1,1,1,34,6,3,0,0,0,0,0,9,1,London
2015-01-09,201506K096177,372500.0,409050.0,-2.416795,53.577319,6,3,1,1,6,10:44,100,E08000001,3,579,6,30,0,-1,-1,0,0,0,1,1,1,0,0,1,1,E01004818,201204CA12030,2,1,1,1,50,8,3,0,0,0,0,0,9,1,Bolton
2015-01-09,201501SX20285,524460.0,189310.0,-0.204841,51.588906,1,3,2,1,6,07:30,30,E09000003,3,406,3,40,3,4,6,0,0,0,1,4,2,0,0,1,1,E01000201,201201QA10169,1,1,3,2,15,3,3,9,9,0,0,2,0,1,London
2015-01-09,2015300011586,435750.0,333320.0,-1.470028,52.896143,30,3,1,1,6,11:15,323,E06000015,6,0,6,30,6,2,3,5111,0,5,1,1,1,0,0,1,2,E01013584,2012130491691,1,1,1,2,20,4,3,0,0,0,0,0,9,1,Derby
2015-01-09,2015300011588,441930.0,354650.0,-1.37541,53.087426,30,3,2,1,6,11:56,320,E10000007,4,600,6,40,3,2,6,0,0,0,1,1,2,0,0,1,1,E01019471,2012130491723,2,1,3,1,39,7,3,6,9,0,0,0,0,1,Amber Valley
2015-01-09,2015300011597,442420.0,341890.0,-1.369768,52.972693,30,3,2,1,6,19:15,324,E10000007,3,609,6,40,6,4,5,11,0,0,4,5,2,0,0,1,2,E01019703,2012130491746,1,3,2,2,26,6,3,0,0,1,0,0,9,1,Erewash
2015-01-09,201514A003515,465133.0,408125.0,-1.018049,53.565704,14,3,2,1,6,15:52,211,E08000017,5,22,6,40,8,4,6,0,0,0,1,1,1,0,0,1,1,E01007560,2012070097305,2,3,2,1,17,4,3,0,0,1,0,0,9,3,Doncaster
2015-01-09,201550AC3J002,169451.0,42410.0,-5.234404,50.236623,50,3,1,1,6,07:50,596,E06000052,6,0,6,30,3,4,6,0,0,0,4,2,2,0,0,1,2,E01018911,2012360065603,3,2,1,1,20,4,3,0,0,0,0,0,9,1,
2015-01-09,201506K095968,371700.0,410410.0,-2.429,53.5895,6,3,2,2,6,19:32,100,E08000001,5,0,3,30,3,4,6,0,0,0,4,2,2,0,0,1,1,E01004822,201204CA12022,1,2,2,2,43,7,3,0,0,1,0,0,9,-1,Bolton
2015-01-09,201501WW50058,527460.0,171500.0,-0.167992,51.42818,1,3,2,1,6,08:02,10,E09000032,3,24,6,30,6,2,3,217,0,5,1,1,1,0,0,1,1,E01004613,201201SX20707,1,1,1,1,-1,-1,3,0,0,0,0,0,1,-1,London
2015-01-09,2015360087103,620481.0,294908.0,1.247426,52.507455,36,3,3,3,6,07:50,406,E10000020,3,140,6,60,0,-1,-1,0,0,0,1,4,1,0,0,2,1,E01026939,201220K006772,2,1,1,1,53,8,2,0,0,0,0,0,5,1,South Norfolk
2015-01-09,201501SX20266,520920.0,192850.0,-0.254695,51.62149,1,2,2,1,6,07:41,30,E09000003,3,1,1,30,1,2,3,1,0,0,1,1,1,0,0,1,2,E01000264,201201QA10151,1,1,1,1,46,8,3,0,0,0,0,0,9,2,London
2015-01-09,2015521500783,342029.0,169839.0,-2.83516,51.42458,52,3,1,1,6,16:50,605,E06000024,6,0,6,60,0,-1,-1,0,0,0,6,5,2,0,7,2,2,E01014858,2012400CA0142,1,1,3,1,34,6,3,9,9,0,0,0,0,-1,
2015-01-09,2015100009915,425489.0,564579.0,-1.603327,54.975176,10,3,2,1,6,15:45,147,E08000021,6,1163,6,30,3,4,6,1163,0,0,1,1,1,0,0,1,2,E01008406,2012050569612,1,1,1,2,18,4,3,0,0,0,0,0,9,1,Newcastle upon Tyne
2015-01-09,2015100010215,439699.0,557965.0,-1.382253,54.914819,10,3,1,1,6,11:57,150,E08000024,3,1018,2,30,7,2,3,1018,0,0,1,4,1,0,0,1,2,E01008791,2012050571912,1,2,2,2,43,7,3,0,0,0,3,0,11,1,Sunderland
2015-01-09,201501WW50052,528630.0,175210.0,-0.149825,51.461257,1,3,2,1,6,19:35,9,E09000022,3,3,6,30,3,4,3,3,0,0,4,1,1,0,0,1,1,E01004554,201201SX20699,1,1,3,2,19,4,3,1,1,0,0,2,0,1,London
2015-01-09,201501WW50071,528390.0,172070.0,-0.154416,51.433093,1,3,2,1,6,10:05,10,E09000032,3,214,6,30,3,4,6,0,0,0,1,1,1,0,0,1,1,E01004482,201201SX20721,2,1,1,1,54,8,3,0,0,0,0,0,5,1,London
2015-01-09,201514C017515,443328.0,391762.0,-1.3495,53.420885,14,3,1,1,6,09:30,213,E08000018,3,618,6,30,3,4,6,0,0,0,1,1,1,4,0,1,1,E01007675,2012070227750,1,1,1,2,21,5,2,0,0,0,0,0,9,1,Rotherham
2015-01-09,2015320001662,524290.0,320507.0,-0.159251,52.767866,32,3,1,1,6,13:40,354,E10000019,5,809,6,30,0,-1,-1,0,0,0,1,1,1,0,0,2,2,E01026268,201214K204312,1,1,1,1,22,5,2,0,0,0,0,0,3,1,South Holland
2015-01-09,201501PY20156,544540.0,170050.0,0.076935,51.411056,1,3,2,1,6,11:57,19,E09000006,3,208,6,30,6,4,6,0,0,0,1,1,1,0,0,1,1,E01000693,201201LX50581,2,1,1,1,26,6,3,0,0,0,0,0,1,1,London
2015-01-09,201514K006315,440379.0,386786.0,-1.394506,53.376394,14,3,3,2,6,20:45,215,E08000019,4,6200,3,30,3,2,6,0,0,0,4,5,2,0,0,1,1,E01007909,2012070289367,1,1,1,1,21,5,2,0,0,0,0,0,1,1,Sheffield
2015-01-09,201531C012915,453532.0,343417.0,-1.204062,52.985426,31,3,1,1,6,18:30,346,E06000018,4,6008,6,30,0,-1,-1,0,0,8,4,1,1,0,0,1,2,E01013825,201214C040812,2,1,1,2,26,6,3,0,0,0,0,0,9,1,City of Nottingham
2015-01-09,2015530209330,404251.0,202262.0,-1.939864,51.719068,53,3,2,1,6,10:45,621,E10000013,3,417,6,40,3,4,5,178,0,0,1,1,2,0,0,2,1,E01022225,20124100B0636,2,1,1,1,57,9,3,0,0,0,0,0,9,1,Cotswold
2015-01-09,201504ED15015,375020.0,430530.0,-2.380474,53.770507,4,2,1,1,6,15:15,75,E10000017,1,65,3,70,0,-1,-1,0,0,0,1,5,2,0,0,1,1,E01025034,201201XD80644,2,2,2,1,85,11,3,0,0,0,0,0,19,1,Hyndburn
2015-01-09,201504ED15014,364010.0,431060.0,-2.547571,53.774624,4,3,2,1,6,17:45,80,E10000017,6,0,6,30,3,4,3,677,0,4,4,5,2,0,0,2,1,E01025336,201201XD80644,1,1,1,1,57,9,3,0,0,0,0,0,9,1,Ribble Valley
2015-01-09,201534WN00685,474902.0,260359.0,-0.904587,52.236338,34,3,2,4,6,16:05,384,E10000021,3,428,6,30,9,2,3,428,0,0,4,4,1,0,0,1,1,E01032979,2012170M12002,1,1,1,1,21,5,3,0,0,0,0,0,9,1,
2015-01-09,201501WW50031,524290.0,172490.0,-0.213218,51.437781,1,2,2,1,6,15:00,10,E09000032,5,0,6,30,3,4,5,0,0,0,1,1,1,0,0,1,2,E01003464,201201SX20684,1,1,1,1,54,8,3,0,0,0,0,0,4,1,London