Date,Accident_Index_x,Location_Easting_OSGR,Location_Northing_OSGR,Longitude,Latitude,Police_Force,Accident_Severity,Number_of_Vehicles,Number_of_Casualties,Day_of_Week,Time,Local_Authority_(District),Local_Authority_(Highway),1st_Road_Class,1st_Road_Number,Road_Type,Speed_limit,Junction_Detail,Junction_Control,2nd_Road_Class,2nd_Road_Number,Pedestrian_Crossing-Human_Control,Pedestrian_Crossing-Physical_Facilities,Light_Conditions,Weather_Conditions,Road_Surface_Conditions,Special_Conditions_at_Site,Carriageway_Hazards,Urban_or_Rural_Area,Did_Police_Officer_Attend_Scene_of_Accident,LSOA_of_Accident_Location,Accident_Index_y,Vehicle_Reference,Casualty_Reference,Casualty_Class,Sex_of_Casualty,Age_of_Casualty,Age_Band_of_Casualty,Casualty_Severity,Pedestrian_Location,Pedestrian_Movement,Car_Passenger,Bus_or_Coach_Passenger,Pedestrian_Road_Maintenance_Worker,Casualty_Type,Casualty_Home_Area_Type,city
2015-01-09,201542I005101,572476.0,208344.0,0.49704,51.747244,42,3,2,1,6,19:16,454,E10000012,6,0,6,30,3,4,6,0,0,0,4,1,2,0,0,1,1,E01021625,2012212005284,1,1,1,2,35,6,3,0,0,0,0,0,9,2,Chelmsford
2015-01-09,201542I004801,562610.0,178722.0,0.340523,51.484076,42,3,2,1,6,18:30,462,E06000034,6,0,6,30,3,4,6,0,0,0,7,2,2,0,0,1,2,E01015967,2012212005280,1,1,2,2,43,7,3,0,0,1,0,0,9,1,
2015-01-09,20154100T2022,522331.0,199699.0,-0.23193,51.682737,41,3,2,2,6,11:14,33,E10000015,3,1,3,70,0,-1,-1,0,0,0,1,1,1,0,0,2,1,E01023584,2012212003846,1,1,1,2,41,7,3,0,0,0,0,0,9,1,Hertsmere
2015-01-09,201550EL2R001,250384.0,61638.0,-4.108127,50.435475,50,3,1,1,6,19:13,583,E06000026,6,0,6,30,3,4,6,0,0,0,4,5,2,6,0,1,1,E01015097,2012370042612,2,1,1,1,30,6,3,0,0,0,0,0,1,1,Plymouth
2015-01-09,20154100T3005,506166.0,198320.0,-0.466072,51.673628,41,3,2,1,6,16:55,436,E10000015,1,25,3,70,0,-1,-1,0,0,0,4,1,2,0,0,2,1,E01023854,2012212003922,2,3,1,2,34,6,3,0,0,0,0,0,9,1,Three Rivers
2015-01-09,20154100T3013,525180.0,200010.0,-0.190631,51.684905,41,3,2,1,6,14:50,33,E10000015,1,25,3,70,0,-1,-1,0,0,0,1,1,1,0,0,2,1,E01023576,2012212003927,1,1,1,1,21,5,3,0,0,0,0,0,4,1,Hertsmere
2015-01-09,2015300012072,433490.0,337040.0,-1.503239,52.929727,30,3,2,2,6,11:00,323,E06000015,3,38,3,40,0,-1,-1,0,0,0,1,1,1,0,0,2,2,E01013468,2012130503060,1,1,3,1,19,4,3,9,5,0,0,0,0,1,Derby
2015-01-09,201501VW40004,528520.0,169100.0,-0.153623,51.406372,1,3,1,1,6,16:00,22,E09000024,5,0,6,30,6,4,6,0,0,4,1,1,1,0,0,1,1,E01003387,201201SX20194,2,1,1,1,43,7,3,0,0,0,0,0,1,1,London
2015-01-09,201536T150019,614368.0,325933.0,1.177641,52.788369,36,3,1,1,6,16:05,401,E10000020,4,1149,6,60,0,-1,-1,0,0,0,6,4,2,0,2,2,1,E01026523,201220M017082,1,1,3,2,42,7,3,4,1,0,0,0,0,1,Broadland
2015-01-09,201543N222015,485946.0,193241.0,-0.759649,51.631426,43,3,1,1,6,15:05,480,E10000002,6,3121,6,30,8,4,6,3121,0,0,1,1,1,0,0,1,2,E01017837,201222F204105,1,3,2,2,4,1,3,0,0,2,0,0,9,1,
2015-01-09,2015471500409,528836.0,104392.0,-0.172176,50.824743,47,3,1,1,6,11:11,565,E06000043,3,259,6,30,3,4,6,0,0,5,1,4,1,0,0,1,1,E01016858,201234WN09282,3,1,2,1,13,3,3,0,0,2,0,0,9,1,
2015-01-09,201501YR90278,530900.0,191490.0,-0.111121,51.607038,1,3,2,2,6,17:20,31,E09000014,3,105,6,30,8,4,6,0,0,0,4,2,2,0,0,1,1,E01001975,201201TX20302,1,1,1,1,31,6,3,0,0,0,0,0,3,1,London
2015-01-09,201542I004601,573432.0,187983.0,0.500782,51.564054,42,3,2,3,6,18:40,450,E10000012,4,1464,6,30,3,4,6,0,0,0,4,8,1,0,0,1,2,E01021316,2012212005279,3,1,2,1,14,3,3,0,0,0,0,0,1,1,
2015-01-09,20151321A0948,431560.0,435565.0,-1.522145,53.815415,13,3,1,1,6,18:00,204,E08000035,6,0,6,30,3,4,6,0,0,0,4,4,2,0,0,1,2,E01011426,201206F067257,2,4,2,2,7,2,3,0,0,2,0,0,9,1,Leeds
2015-01-09,201501YR90086,533440.0,191350.0,-0.074518,51.605184,1,2,1,1,6,18:47,31,E09000014,5,0,6,30,0,-1,-1,0,0,1,4,4,1,0,0,1,1,E01002092,201201TX20152,2,2,2,2,24,5,3,0,0,1,0,0,9,1,London
2015-01-09,2015405DA0014,508593.0,218574.0,-0.424664,51.855201,40,3,2,1,6,21:11,424,E06000056,1,1,3,70,0,-1,-1,0,0,0,4,4,1,0,0,2,1,E01017564,201220W038482,1,1,2,1,49,8,3,0,0,2,0,0,8,1,
2015-01-09,2015405DA0016,514514.0,239498.0,-0.331767,52.042062,40,3,2,1,6,07:15,424,E06000056,4,658,1,30,1,4,6,0,0,0,4,1,2,0,0,2,2,E01017437,201220W038492,2,1,1,1,52,8,2,0,0,0,0,0,5,1,
2015-01-09,201523N025042,420633.0,288830.0,-1.697509,52.49699,23,2,1,1,6,18:20,290,E10000031,6,0,6,50,0,-1,-1,0,0,0,6,4,2,0,0,2,1,E01031021,2012130418116,2,2,1,2,36,7,3,0,0,0,0,0,9,1,North Warwickshire
2015-01-09,201523N025040,419795.0,292086.0,-1.70966,52.526291,23,3,1,1,6,17:00,290,E10000031,6,0,3,30,0,-1,-1,0,0,0,5,1,1,0,2,2,1,E01031024,2012130418116,1,1,1,1,36,7,3,0,0,0,0,0,9,1,North Warwickshire
2015-01-09,201523N025039,425387.0,299727.0,-1.626656,52.594751,23,3,1,2,6,01:40,290,E10000031,6,0,6,20,0,-1,-1,0,0,0,4,1,1,0,0,2,1,E01031025,2012130418101,2,1,1,1,17,4,3,0,0,0,0,0,3,1,North Warwickshire
2015-01-09,201560S004013,321195.0,376088.0,-3.183256,53.275894,60,3,2,1,6,12:25,724,W06000005,3,548,6,50,9,4,3,5026,0,0,1,2,2,0,0,2,1,W01000254,201242I094104,1,1,1,1,42,7,3,0,0,0,0,0,4,-1,
2015-01-09,201560S004067,313584.0,376048.0,-3.297352,53.274347,60,2,2,1,6,14:49,724,W06000005,3,5026,6,60,0,-1,-1,0,0,0,1,5,2,0,0,2,1,W01000340,201242I094204,1,1,1,2,21,5,3,0,0,0,0,0,9,1,
2015-01-09,201542I006001,557325.0,178941.0,0.264571,51.487537,42,2,2,2,6,11:36,462,E06000034,6,0,6,30,0,-1,-1,0,0,0,1,1,1,0,0,2,1,E01015921,2012212005301,2,1,1,1,82,11,3,0,0,0,0,0,9,1,
2015-01-09,2015030000049,350610.0,495660.0,-2.761428,54.354068,3,3,2,1,6,16:04,65,E10000006,6,0,6,30,3,4,6,0,0,0,4,2,2,0,0,2,1,E01019346,201201WW50497,2,1,1,1,38,7,3,0,0,0,0,0,3,1,South Lakeland
2015-01-09,201542I006101,572317.0,189093.0,0.485256,51.574367,42,3,2,1,6,21:10,450,E10000012,3,1321,1,50,1,4,6,0,0,0,4,1,2,0,0,1,1,E01021270,2012212005302,1,1,1,1,34,6,3,0,0,0,0,0,9,1,
2015-01-09,201501RY10017,551880.0,174550.0,0.184323,51.449572,1,3,2,1,6,19:30,18,E09000004,3,207,6,30,0,-1,-1,0,0,0,4,1,1,0,0,1,1,E01000375,201201PY20289,2,2,1,2,62,9,3,0,0,0,0,0,9,1,London
2015-01-09,201504WA15012,333750.0,434490.0,-3.007397,53.802471,4,2,2,2,6,12:55,71,E06000009,3,583,3,30,3,4,6,0,0,0,1,2,2,0,0,1,1,E01012714,201201YR90194,1,1,2,1,34,6,3,0,0,2,0,0,9,1,
2015-01-09,201504WA15014,331370.0,434200.0,-3.043463,53.799556,4,3,1,1,6,16:05,71,E06000009,3,5099,6,30,6,2,6,0,0,4,1,2,2,0,0,1,1,E01012674,201201YR90195,2,1,1,2,39,7,3,0,0,0,0,0,9,1,
2015-01-09,201504SA15007,349600.0,430320.0,-2.766081,53.766775,4,3,1,1,6,08:10,79,E10000017,3,5085,6,30,3,4,3,5085,0,8,4,1,1,0,0,1,1,E01025270,201201XH30782,1,1,1,1,24,5,3,0,0,0,0,0,3,1,Preston
2015-01-09,201550ED2N003,246300.0,56076.0,-4.163313,50.384435,50,3,2,1,6,14:25,583,E06000026,6,0,6,30,5,4,6,0,0,0,1,1,2,0,0,1,1,E01015174,201236T120163,1,1,1,2,37,7,3,0,0,0,0,0,9,1,Plymouth
2015-01-09,201501JI40006,546660.0,187180.0,0.114506,51.564432,1,3,2,1,6,18:34,14,E09000026,6,0,6,30,6,4,6,0,0,1,4,1,1,0,0,1,1,E01003718,201201GD10278,1,1,1,1,40,7,3,0,0,0,0,0,2,1,London
2015-01-09,201543S050015,489396.0,238019.0,-0.698264,52.033383,43,3,2,1,6,08:17,479,E06000042,3,421,3,70,3,4,6,1072,0,0,1,1,1,0,0,2,1,E01016821,201230B000975,2,2,2,2,48,8,3,0,0,2,0,0,9,2,
2015-01-09,2015440009519,458938.0,92324.0,-1.166328,50.727555,44,3,1,1,6,18:30,505,E06000046,3,3054,6,30,3,2,6,0,0,5,4,1,2,0,0,1,1,E01017337,201230C002343,1,2,2,2,22,5,3,0,0,1,0,0,9,1,
2015-01-09,2015450021656,493579.0,146901.0,-0.661621,51.213654,45,3,1,1,6,08:10,511,E10000030,6,93,6,30,0,-1,-1,0,0,0,1,1,2,0,0,2,1,E01030472,201231C274512,2,1,1,2,31,6,3,0,0,0,0,0,9,2,
2015-01-09,2015450021657,503747.0,166580.0,-0.510382,51.388789,45,2,1,1,6,07:19,514,E10000030,3,320,6,30,1,4,3,320,0,8,7,1,2,0,0,1,1,E01030657,201231C274612,1,1,3,1,39,7,3,1,3,0,0,0,0,1,Runnymede
2015-01-09,2015450021660,521927.0,160350.0,-0.251361,51.329186,45,3,1,1,6,08:30,38,E10000030,6,2089,6,30,3,4,6,0,0,0,1,1,2,0,0,1,1,E01030379,201231C274712,2,1,1,2,40,7,3,0,0,0,0,0,9,1,Epsom and Ewell
2015-01-09,2015450021668,511770.0,164479.0,-0.395786,51.368383,45,3,2,1,6,09:45,510,E10000030,3,244,3,40,0,-1,-1,0,0,0,1,1,2,0,0,1,1,E01030311,201231C275012,2,1,1,2,59,9,3,0,0,0,0,0,9,1,Elmbridge
2015-01-09,2015440009478,462486.0,151642.0,-1.105878,51.260523,44,3,2,1,6,17:25,490,E10000014,3,340,3,60,5,4,6,0,0,0,4,2,2,0,0,1,1,E01022481,201230C002343,1,1,1,1,22,5,3,0,0,0,0,0,9,1,Basingstoke and Deane
2015-01-09,2015440009475,468477.0,107322.0,-1.028407,50.861362,44,3,1,1,6,18:13,495,E10000014,6,0,6,30,3,4,6,0,0,0,4,1,2,0,0,1,1,E01022952,201230C002342,2,1,1,1,18,4,3,0,0,0,0,0,1,3,
2015-01-09,2015440009393,451510.0,109739.0,-1.26912,50.884852,44,3,1,1,6,16:45,492,E10000014,3,3051,6,30,0,-1,-1,0,0,0,4,1,1,0,0,1,2,E01022774,201230C002341,1,1,1,1,26,6,3,0,0,0,0,0,9,1,
2015-01-09,2015440009317,447934.0,123591.0,-1.318132,51.009712,44,3,3,2,6,15:30,502,E10000014,4,3335,6,50,3,4,4,3334,0,0,1,1,4,0,0,2,1,E01023226,201230C002340,1,1,2,2,5,1,3,0,0,2,0,0,9,1,Winchester
2015-01-09,2015440008754,423931.0,95526.0,-1.662086,50.758839,44,3,2,1,6,07:43,496,E10000014,6,0,6,30,6,4,6,0,0,0,5,1,2,0,0,1,1,E01022984,201230C002339,1,1,2,1,-1,-1,3,0,0,0,3,0,11,-1,New Forest
2015-01-09,2015440008730,464789.0,103049.0,-1.081555,50.823366,44,3,2,2,6,08:25,498,E06000044,3,3,6,30,3,4,6,0,0,4,1,1,2,0,0,1,1,E01017105,201230C002338,1,1,1,2,49,8,3,0,0,0,0,0,9,3,Portsmouth
2015-01-09,2015440008729,454385.0,105911.0,-1.228822,50.850169,44,3,2,1,6,07:55,492,E10000014,3,27,6,40,1,4,4,3334,0,8,4,1,2,0,0,2,1,E01022781,201230C002337,1,1,1,1,23,5,3,0,0,0,0,0,9,3,
2015-01-09,2015440008703,465106.0,101354.0,-1.077355,50.80809,44,3,2,1,6,07:43,498,E06000044,3,2047,6,30,3,2,6,0,0,5,5,1,2,0,0,1,1,E01017036,201230C002336,1,1,3,1,53,8,3,5,3,0,0,0,0,1,Portsmouth
2015-01-09,201542I008801,539403.0,201068.0,0.015402,51.691064,42,3,2,1,6,14:55,456,E10000012,6,0,6,40,3,4,6,0,0,0,1,1,1,0,0,1,1,E01021811,2012212005353,1,2,1,1,43,7,3,0,0,0,0,0,19,1,Epping Forest
2015-01-09,201504SA15013,353620.0,430510.0,-2.705129,53.768857,4,3,2,2,6,19:30,79,E10000017,3,6,6,30,6,3,6,0,0,1,4,1,1,0,0,1,1,E01025292,201201XH30788,1,1,1,2,25,5,3,0,0,0,0,0,9,1,Preston
2015-01-09,201506X096033,374950.0,403930.0,-2.379382,53.531423,6,3,2,2,6,23:17,100,E08000001,1,61,3,70,0,-1,-1,0,0,0,4,1,2,0,0,2,1,E01004908,201204DF12112,2,1,1,1,21,5,2,0,0,0,0,0,3,1,Bolton
2015-01-09,2015471500256,492788.0,99814.0,-0.684963,50.790479,47,3,1,1,6,18:12,558,E10000032,6,0,6,20,0,-1,-1,0,0,0,5,1,2,0,0,1,1,E01031452,201234WN01722,1,1,1,1,19,4,3,0,0,0,0,0,3,1,Arun
2015-01-09,201542I007701,589873.0,186558.0,0.736936,51.545966,42,2,1,1,6,19:25,460,E06000033,6,0,6,30,3,4,6,0,0,4,4,1,2,0,0,1,1,E01015887,2012212005319,2,2,2,1,46,8,3,0,0,1,0,0,9,1,
2015-01-09,201504SA15019,353400.0,431280.0,-2.708583,53.775757,4,3,2,1,6,16:00,79,E10000017,3,6,6,30,9,4,6,0,0,8,5,2,2,0,0,1,1,E01025276,201201XH30790,2,5,2,2,46,8,3,0,0,0,0,0,10,1,Preston
2015-01-09,201506X096034,373690.0,397990.0,-2.39789,53.477972,6,3,6,1,6,08:45,107,E08000006,1,62,3,70,0,-1,-1,0,0,0,1,1,1,0,0,2,1,E01005732,201204DF12113,2,1,1,1,45,7,3,0,0,0,0,0,19,1,Salford
2015-01-09,201506X096111,381780.0,412450.0,-2.276844,53.608286,6,2,1,4,6,01:00,101,E08000002,1,66,3,70,0,-1,-1,0,0,0,6,5,2,0,0,2,1,E01004956,201204DF12113,3,2,1,1,58,9,3,0,0,0,0,0,9,-1,Bury
2015-01-09,201501RY10012,546200.0,172820.0,0.101928,51.435521,1,3,1,1,6,17:45,18,E09000004,3,222,6,30,3,2,3,222,0,5,4,1,1,0,0,1,1,E01000462,201201PY20286,1,1,1,1,21,5,3,0,0,0,0,0,3,1,London
2015-01-09,2015030000048,349160.0,479770.0,-2.78103,54.211131,3,3,2,1,6,12:10,65,E10000006,6,0,6,60,0,-1,-1,0,0,0,1,2,2,0,0,2,1,E01019343,201201WW50496,1,1,1,1,53,8,2,0,0,0,0,0,5,1,South Lakeland
2015-01-09,20154100F0030,515620.0,202260.0,-0.328108,51.707174,41,3,2,1,6,13:00,434,E10000015,6,992,6,30,3,4,6,1700,0,0,1,1,1,0,0,1,1,E01023720,2012212002068,2,2,1,1,47,8,3,0,0,0,0,0,9,1,St Albans
2015-01-09,2015132190482,432523.0,434725.0,-1.507607,53.807807,13,3,1,1,6,11:10,204,E08000035,6,0,6,30,0,-1,-1,0,0,4,1,1,1,0,0,1,1,E01011344,201206F066580,1,1,3,1,41,7,3,5,1,0,0,0,0,1,Leeds
2015-01-09,2015132190222,410992.0,439659.0,-1.834386,53.853049,13,3,2,1,6,07:39,200,E08000032,6,0,6,30,3,4,6,0,0,0,1,4,1,0,0,1,1,E01010579,201206F066570,2,1,1,1,49,8,3,0,0,0,0,0,90,-1,Bradford
2015-01-09,2015132180584,415730.0,432543.0,-1.762722,53.78897,13,3,2,1,6,12:45,200,E08000032,6,0,6,30,1,4,6,0,0,0,1,1,2,0,0,1,1,E01010834,201206F066345,2,1,1,2,56,9,3,0,0,0,0,0,9,2,Bradford
2015-01-09,201501ZD30014,530890.0,166070.0,-0.120684,51.378601,1,3,2,1,6,14:05,20,E09000008,6,0,7,30,5,4,3,23,0,0,1,1,1,0,0,1,1,E01001010,201201VK30160,1,1,3,1,21,5,3,4,1,0,0,2,0,1,London
2015-01-09,201501VK30041,518250.0,165340.0,-0.302456,51.374811,1,3,1,2,6,13:09,23,E09000021,3,3,3,50,0,-1,-1,0,0,0,1,1,1,0,0,1,1,E01003004,201201RY10361,1,1,2,1,17,4,3,0,0,1,0,0,9,-1,London
2015-01-09,2015132191134,416537.0,417074.0,-1.751294,53.64991,13,3,2,1,6,17:15,203,E08000034,6,0,6,30,0,-1,-1,0,0,0,4,5,2,0,0,1,1,E01011090,201206F066903,1,1,3,2,63,9,2,4,1,0,0,0,0,1,Kirklees
2015-01-09,201520M001545,435330.0,279340.0,-1.482035,52.410927,20,3,2,1,6,15:35,302,E08000026,6,0,6,30,8,4,3,4600,0,0,1,1,1,0,0,1,2,E01009615,2012120008985,1,1,1,2,19,4,3,0,0,0,0,0,2,3,Coventry
2015-01-09,2015132190802,418830.0,436733.0,-1.715415,53.826527,13,3,2,2,6,14:22,200,E08000032,3,658,6,40,6,4,6,0,0,8,1,5,2,0,0,1,1,E01010654,201206F066640,1,1,1,2,29,6,3,0,0,0,0,0,9,1,Bradford
2015-01-09,2015132190828,418014.0,415668.0,-1.729031,53.637224,13,3,3,1,6,14:40,203,E08000034,3,629,6,40,0,-1,-1,0,0,0,1,1,2,0,0,1,1,E01011005,201206F066640,2,3,2,2,26,6,3,0,0,1,0,0,9,-1,Kirklees
2015-01-09,2015132191328,412289.0,433529.0,-1.814913,53.797924,13,3,1,1,6,19:00,200,E08000032,6,0,6,30,3,4,6,0,0,0,4,5,2,0,0,1,1,E01010632,201206F066914,1,1,1,2,49,8,3,0,0,0,0,0,9,1,Bradford
2015-01-09,2015331505011,452490.0,319275.0,-1.223466,52.768528,33,3,2,1,6,13:40,362,E10000018,3,6004,6,30,0,-1,-1,0,0,0,1,1,1,0,0,1,1,E01025721,2012160D06531,1,4,2,1,84,11,3,0,0,2,0,0,9,1,Charnwood
2015-01-09,2015132190165,442732.0,416384.0,-1.355116,53.642231,13,3,1,1,6,06:05,206,E08000036,3,638,6,30,0,-1,-1,0,0,0,4,4,2,0,0,2,1,E01011769,201206F066533,2,2,1,1,48,8,3,0,0,0,0,0,9,1,Wakefield
2015-01-09,2015132191539,435093.0,434736.0,-1.468582,53.807739,13,3,2,1,6,15:39,204,E08000035,3,64,3,40,3,4,6,0,0,0,1,1,1,0,0,1,1,E01011343,201206F066933,1,1,1,2,47,8,2,0,0,0,0,0,9,1,Leeds
2015-01-09,2015030000046,299690.0,527120.0,-3.555352,54.629208,3,2,2,1,6,18:00,60,E10000006,6,0,6,30,3,4,6,0,0,0,4,4,2,0,0,1,1,E01019113,201201WW50495,1,1,1,2,33,6,3,0,0,0,0,0,2,1,Allerdale
2015-01-09,201520J001465,390010.0,284280.0,-2.148443,52.456378,20,3,1,1,6,10:50,303,E08000027,6,0,6,30,0,-1,-1,0,0,1,1,9,1,0,0,1,2,E01009906,201211NI23292,1,1,1,2,19,4,3,0,0,0,0,0,9,3,
2015-01-09,2015132190962,414304.0,433276.0,-1.784333,53.795599,13,2,1,1,6,15:58,200,E08000032,3,6177,6,30,0,-1,-1,0,0,8,1,5,2,0,0,1,1,E01010833,201206F066742,1,1,1,1,54,8,2,0,0,0,0,0,1,1,Bradford
2015-01-09,2015132190806,420869.0,419864.0,-1.685572,53.674833,13,2,2,1,6,14:27,203,E08000034,3,644,6,30,3,4,6,0,0,0,1,9,2,0,0,1,1,E01011213,201206F066640,1,2,2,2,36,7,3,0,0,1,0,0,9,1,Kirklees
2015-01-09,201520G001585,395010.0,296580.0,-2.075051,52.567023,20,3,2,1,6,12:30,309,E08000031,3,41,6,30,6,2,4,4484,0,5,1,1,1,0,0,1,2,E01010422,201211ND18552,2,2,1,2,57,9,3,0,0,0,0,0,9,3,Wolverhampton
2015-01-09,2015132190220,427316.0,433304.0,-1.586801,53.795333,13,3,1,1,6,07:37,204,E08000035,6,0,6,30,3,4,6,0,0,0,1,1,1,0,0,1,2,E01011293,201206F066533,2,4,2,2,38,7,3,0,0,2,0,0,9,-1,Leeds
2015-01-09,2015132191437,432225.0,440327.0,-1.511547,53.858173,13,3,2,4,6,20:10,204,E08000035,6,0,6,30,3,4,6,0,0,0,4,1,1,0,0,1,2,E01011562,201206F066914,2,2,1,2,33,6,3,0,0,0,0,0,9,1,Leeds
2015-01-09,2015051500181,340538.0,389257.0,-2.895701,53.396777,5,3,1,2,6,19:30,91,E08000012,6,0,6,40,1,4,3,5058,0,1,4,1,1,0,0,1,2,E01006579,201201ZD30735,1,1,1,2,24,5,3,0,0,0,0,0,9,1,Liverpool
2015-01-09,201501ZD30015,528900.0,159530.0,-0.151628,51.320281,1,3,2,1,6,16:55,20,E09000008,6,0,6,30,3,4,6,0,0,0,4,4,1,0,0,1,1,E01001025,201201VK30161,2,1,1,1,58,9,3,0,0,0,0,0,1,1,London
2015-01-09,2015132191352,413783.0,431163.0,-1.792336,53.776622,13,2,2,1,6,19:20,200,E08000032,6,0,6,30,3,4,6,0,2,4,4,1,2,0,0,1,2,E01010665,201206F066914,1,3,2,2,12,3,3,0,0,1,0,0,9,1,Bradford
2015-01-09,201520G001535,393770.0,295090.0,-2.093316,52.553615,20,3,2,1,6,19:20,309,E08000031,3,463,3,40,0,-1,-1,0,0,0,4,1,1,0,0,1,1,E01010534,201211ND18262,2,2,2,1,42,7,3,0,0,1,0,0,9,2,Wolverhampton
2015-01-09,2015030000044,358650.0,510440.0,-2.639799,54.487605,3,3,1,1,6,01:16,64,E10000006,1,6,3,70,0,-1,-1,0,0,0,6,5,2,0,0,2,1,E01019337,201201WW50494,2,2,1,2,52,8,3,0,0,0,0,0,9,3,Eden
2015-01-09,2015132190196,430795.0,434511.0,-1.533868,53.805988,13,3,2,1,6,06:55,204,E08000035,3,61,6,30,3,2,6,0,0,0,4,4,2,0,0,1,1,E01033003,201206F066533,2,3,2,2,49,8,3,0,0,1,0,0,9,-1,Leeds
2015-01-09,20154100J0015,522270.0,199580.0,-0.232853,51.681681,41,3,4,4,6,08:02,33,E10000015,3,1,3,70,0,-1,-1,0,0,0,1,1,2,0,0,2,1,E01023584,2012212002988,2,1,1,1,55,8,3,0,0,0,0,0,9,1,Hertsmere
2015-01-09,201520H001705,403870.0,296100.0,-1.944342,52.562719,20,3,2,2,6,11:21,307,E08000030,3,34,3,30,3,4,6,0,0,0,1,1,1,0,0,2,1,E01010334,201211NG00442,1,4,2,2,13,3,3,0,0,1,0,0,9,1,
2015-01-09,2015132191033,420407.0,421383.0,-1.692466,53.688504,13,3,1,1,6,16:40,203,E08000034,6,0,6,30,3,4,6,0,0,0,4,5,2,0,0,1,1,E01011218,201206F066768,2,1,1,1,28,6,3,0,0,0,0,0,1,1,Kirklees
2015-01-09,201523S030021,423781.0,257437.0,-1.653354,52.21464,23,3,2,1,6,09:41,293,E10000031,6,0,6,60,0,-1,-1,0,0,0,1,1,2,7,0,2,1,E01031218,2012130476736,1,2,2,1,29,6,3,0,0,1,0,0,9,2,Stratford-on-Avon
2015-01-09,2015132191127,404776.0,441374.0,-1.928854,53.868556,13,3,1,1,6,17:13,200,E08000032,6,0,6,30,1,4,6,0,0,0,4,5,2,0,0,1,1,E01010722,201206F066772,3,1,1,1,31,6,3,0,0,0,0,0,9,-1,Bradford
2015-01-09,201501QK50009,518410.0,185280.0,-0.293486,51.553989,1,3,2,1,6,13:16,28,E09000005,3,4089,6,30,0,-1,-1,0,0,1,1,1,1,0,0,1,2,E01000635,201201MM70730,1,1,3,2,52,8,3,5,1,0,0,2,0,1,London
2015-01-09,2015331505010,458360.0,304780.0,-1.139042,52.637638,33,3,1,1,6,23:00,364,E06000016,3,594,3,30,0,-1,-1,0,0,0,4,1,1,0,0,1,1,E01013607,2012160D06531,1,3,2,2,80,11,3,0,0,2,0,0,9,1,Leicester
2015-01-09,20154100G0016,520330.0,230710.0,-0.250093,51.961859,41,3,2,1,6,08:10,433,E10000015,5,109,6,30,3,4,6,408,0,0,1,4,2,0,0,1,1,E01023617,2012212002529,1,1,1,1,58,9,2,0,0,0,0,0,9,1,North Hertfordshire
2015-01-09,2015132191751,393054.0,422795.0,-2.106689,53.701541,13,2,2,1,6,23:35,202,E08000033,3,6033,6,30,0,-1,-1,0,0,0,1,1,4,0,0,1,1,E01010885,201206F067072,1,1,3,1,62,9,2,5,3,0,0,0,0,1,Calderdale
2015-01-09,2015132190227,408933.0,418153.0,-1.866301,53.659792,13,1,1,1,6,07:55,203,E08000034,3,640,6,40,0,-1,-1,0,0,0,4,4,2,0,0,1,1,E01011205,201206F066570,2,2,2,2,41,7,3,0,0,1,0,0,90,-1,Kirklees
2015-01-09,2015132190930,435093.0,434736.0,-1.468582,53.807739,13,3,2,1,6,15:39,204,E08000035,3,64,3,40,3,4,6,0,0,0,1,1,1,0,0,1,1,E01011343,201206F066717,1,1,3,1,95,11,3,1,3,0,0,0,0,1,Leeds
2015-01-09,201523S030020,410146.0,252053.0,-1.853078,52.166653,23,3,2,1,6,07:07,293,E10000031,4,439,6,30,3,4,6,0,0,8,4,1,2,0,0,2,1,E01031192,2012130476733,2,2,2,2,46,8,3,0,0,1,0,0,9,1,Stratford-on-Avon
2015-01-09,2015030000040,337630.0,504560.0,-2.962985,54.432616,3,3,1,1,6,11:54,65,E10000006,3,591,2,30,3,2,6,0,0,1,1,1,2,0,0,2,1,E01019374,201201WW50491,2,1,1,1,33,6,3,0,0,0,0,0,2,1,South Lakeland
2015-01-09,2015030000042,349810.0,493110.0,-2.773306,54.331074,3,2,2,2,6,15:43,65,E10000006,3,591,3,70,0,-1,-1,0,0,0,1,5,2,0,0,2,1,E01019346,201201WW50493,2,1,1,2,52,8,3,0,0,0,0,0,9,1,South Lakeland
2015-01-09,2015132190879,431313.0,431725.0,-1.526285,53.780918,13,3,2,1,6,15:24,204,E08000035,3,639,3,30,0,-1,-1,0,0,0,1,2,2,0,0,1,1,E01011467,201206F066691,2,1,1,1,38,7,3,0,0,0,0,0,1,1,Leeds
2015-01-09,2015132190764,444252.0,423645.0,-1.331093,53.707363,13,3,2,1,6,13:58,206,E08000036,3,639,1,30,1,4,1,62,0,0,1,4,2,4,0,2,1,E01011841,201206F066611,2,1,1,1,38,7,2,0,0,0,0,0,9,1,Wakefield